1:"$Sreact.fragment"
2:I[2619,["619","static/chunks/619-ba102abea3e3d0e4.js","150","static/chunks/app/local/%5Bslug%5D/page-d29da935c63c863d.js"],""]
3:I[5410,["619","static/chunks/619-ba102abea3e3d0e4.js","565","static/chunks/565-97612c05873714d8.js","177","static/chunks/app/layout-803012d53ece20fa.js"],"SectionNav"]
4:I[9766,[],""]
5:I[8924,[],""]
6:I[5410,["619","static/chunks/619-ba102abea3e3d0e4.js","565","static/chunks/565-97612c05873714d8.js","177","static/chunks/app/layout-803012d53ece20fa.js"],"BottomTabs"]
7:I[7882,["619","static/chunks/619-ba102abea3e3d0e4.js","565","static/chunks/565-97612c05873714d8.js","177","static/chunks/app/layout-803012d53ece20fa.js"],"ReportIssue"]
8:I[5438,["619","static/chunks/619-ba102abea3e3d0e4.js","565","static/chunks/565-97612c05873714d8.js","177","static/chunks/app/layout-803012d53ece20fa.js"],"SyncBoot"]
9:I[9650,["619","static/chunks/619-ba102abea3e3d0e4.js","565","static/chunks/565-97612c05873714d8.js","177","static/chunks/app/layout-803012d53ece20fa.js"],"ServiceWorkerBoot"]
d:I[7150,[],""]
:HL["/_next/static/css/efca13f381ad8a8e.css","style"]
0:{"P":null,"b":"4P-hyMizmce7qme9bJeJI","p":"","c":["","local","virginia-beach-va",""],"i":false,"f":[[["",{"children":["local",{"children":[["slug","virginia-beach-va","d"],{"children":["__PAGE__",{}]}]}]},"$undefined","$undefined",true],["",["$","$1","c",{"children":[[["$","link","0",{"rel":"stylesheet","href":"/_next/static/css/efca13f381ad8a8e.css","precedence":"next","crossOrigin":"$undefined","nonce":"$undefined"}]],["$","html",null,{"lang":"en","data-theme":"dark","children":[["$","head",null,{"children":[["$","link",null,{"rel":"preconnect","href":"https://fonts.bunny.net"}],["$","link",null,{"href":"https://fonts.bunny.net/css?family=source-serif-4:400,400i,600,700|inter:500,600,700","rel":"stylesheet"}],["$","script",null,{"dangerouslySetInnerHTML":{"__html":"(function(){try{var t=localStorage.getItem('pigeon-theme');if(t){document.documentElement.setAttribute('data-theme',t);}}catch(e){}})();"}}],["$","script",null,{"dangerouslySetInnerHTML":{"__html":"(function(){try{var d=document.documentElement;if(localStorage.getItem('pigeon.profile.lastVisit')||localStorage.getItem('pigeon.profile.seen')){d.setAttribute('data-personalizing','1');setTimeout(function(){d.removeAttribute('data-personalizing');},1200);}}catch(e){}})();"}}]]}],["$","body",null,{"children":[["$","a",null,{"className":"skip-link","href":"#main","children":"Skip to the news"}],["$","div",null,{"className":"shell","children":[["$","header",null,{"className":"paper-head","children":[["$","div",null,{"className":"flag","children":[["$","$L2",null,{"href":"/","className":"flag-lockup","aria-label":"Pigeon News — home","children":[["$","svg",null,{"className":"flag-mark","viewBox":"0 0 588 659","aria-hidden":"true","focusable":"false","children":["$","use",null,{"href":"/icons/flag-mark.svg#mark"}]}],["$","span",null,{"className":"flag-name","children":"Pigeon News"}]]}],["$","$L2",null,{"href":"/profile","className":"profile-btn flag-profile","aria-label":"Your profile and account","children":[["$","svg",null,{"viewBox":"0 0 24 24","width":"16","height":"16","aria-hidden":"true","focusable":"false","children":[["$","circle",null,{"cx":"12","cy":"8","r":"4","fill":"currentColor"}],["$","path",null,{"d":"M4 20c0-4.4 3.6-7 8-7s8 2.6 8 7","fill":"none","stroke":"currentColor","strokeWidth":"2","strokeLinecap":"round"}]]}],["$","span",null,{"className":"profile-btn-label","children":"Profile"}]]}]]}],["$","div",null,{"className":"dateline","children":[["$","span",null,{"className":"dl-left","children":["VOL. I — NO. ",74]}],["$","span",null,{"className":"dl-mid","children":"SATURDAY, SEPTEMBER 5, 2026"}],["$","span",null,{"className":"dl-right","children":"SILENCE THE NOISE, TUNE IN TO THE FACTS"}]]}],["$","$L3",null,{}]]}],["$","main",null,{"id":"main","className":"page-main","children":["$","$L4",null,{"parallelRouterKey":"children","error":"$undefined","errorStyles":"$undefined","errorScripts":"$undefined","template":["$","$L5",null,{}],"templateStyles":"$undefined","templateScripts":"$undefined","notFound":[[["$","title",null,{"children":"404: This page could not be found."}],["$","div",null,{"style":{"fontFamily":"system-ui,\"Segoe UI\",Roboto,Helvetica,Arial,sans-serif,\"Apple Color Emoji\",\"Segoe UI Emoji\"","height":"100vh","textAlign":"center","display":"flex","flexDirection":"column","alignItems":"center","justifyContent":"center"},"children":["$","div",null,{"children":[["$","style",null,{"dangerouslySetInnerHTML":{"__html":"body{color:#000;background:#fff;margin:0}.next-error-h1{border-right:1px solid rgba(0,0,0,.3)}@media (prefers-color-scheme:dark){body{color:#fff;background:#000}.next-error-h1{border-right:1px solid rgba(255,255,255,.3)}}"}}],["$","h1",null,{"className":"next-error-h1","style":{"display":"inline-block","margin":"0 20px 0 0","padding":"0 23px 0 0","fontSize":24,"fontWeight":500,"verticalAlign":"top","lineHeight":"49px"},"children":404}],["$","div",null,{"style":{"display":"inline-block"},"children":["$","h2",null,{"style":{"fontSize":14,"fontWeight":400,"lineHeight":"49px","margin":0},"children":"This page could not be found."}]}]]}]}]],[]],"forbidden":"$undefined","unauthorized":"$undefined"}]}],["$","div",null,{"className":"footer","children":["Pigeon News",["$","br",null,{}],["$","a",null,{"className":"footer-link","href":"/corrections/","children":"Corrections"}],["$","br",null,{}],"© ",2026," Pigeon News. All rights reserved."]}]]}],["$","$L6",null,{}],["$","$L7",null,{}],["$","$L8",null,{}],["$","$L9",null,{}]]}]]}]]}],{"children":["local",["$","$1","c",{"children":[null,["$","$L4",null,{"parallelRouterKey":"children","error":"$undefined","errorStyles":"$undefined","errorScripts":"$undefined","template":["$","$L5",null,{}],"templateStyles":"$undefined","templateScripts":"$undefined","notFound":"$undefined","forbidden":"$undefined","unauthorized":"$undefined"}]]}],{"children":[["slug","virginia-beach-va","d"],"$La",{"children":["__PAGE__","$Lb",{},null,false]},null,false]},null,false]},null,false],"$Lc",false]],"m":"$undefined","G":["$d",[]],"s":false,"S":true}
f:I[4431,[],"OutletBoundary"]
11:I[5278,[],"AsyncMetadataOutlet"]
13:I[4431,[],"ViewportBoundary"]
15:I[4431,[],"MetadataBoundary"]
16:"$Sreact.suspense"
a:["$","$1","c",{"children":[null,["$","$L4",null,{"parallelRouterKey":"children","error":"$undefined","errorStyles":"$undefined","errorScripts":"$undefined","template":["$","$L5",null,{}],"templateStyles":"$undefined","templateScripts":"$undefined","notFound":"$undefined","forbidden":"$undefined","unauthorized":"$undefined"}]]}]
b:["$","$1","c",{"children":["$Le",null,["$","$Lf",null,{"children":["$L10",["$","$L11",null,{"promise":"$@12"}]]}]]}]
c:["$","$1","h",{"children":[null,[["$","$L13",null,{"children":"$L14"}],null],["$","$L15",null,{"children":["$","div",null,{"hidden":true,"children":["$","$16",null,{"fallback":null,"children":"$L17"}]}]}]]}]
18:I[2383,["619","static/chunks/619-ba102abea3e3d0e4.js","150","static/chunks/app/local/%5Bslug%5D/page-d29da935c63c863d.js"],"AddAreaButton"]
19:I[8556,["619","static/chunks/619-ba102abea3e3d0e4.js","150","static/chunks/app/local/%5Bslug%5D/page-d29da935c63c863d.js"],"LocalMap"]
e:[["$","div",null,{"className":"back-bar","children":["$","$L2",null,{"href":"/local","children":[["$","span",null,{"className":"arrow","children":"←"}]," All local areas"]}]}],["$","div",null,{"className":"local-head","children":[["$","div",null,{"className":"local-kind","children":["Independent city"," · ","VA"]}],["$","h1",null,{"className":"local-name","children":"Virginia Beach"}],["$","div",null,{"className":"local-sub","children":["Primary city: ","Virginia Beach"," · belongs to no county"]}],["$","$L18",null,{"slug":"virginia-beach-va","name":"Virginia Beach"}]]}],["$","$L19",null,{"boundary":{"rings":[[[-76.22776,36.833847],[-76.227756,36.831895],[-76.227599,36.831442],[-76.226084,36.827266],[-76.225154,36.824846],[-76.2242,36.82249],[-76.223249,36.819972],[-76.223045,36.819483],[-76.221572,36.815657],[-76.220601,36.814167],[-76.220221,36.81303],[-76.21986,36.812249],[-76.219272,36.810797],[-76.218902,36.809876],[-76.218704,36.809276],[-76.218258,36.807919],[-76.217685,36.806459],[-76.217227,36.805476],[-76.216612,36.803878],[-76.216064,36.802455],[-76.214059,36.797248],[-76.213635,36.79599],[-76.213159,36.794848],[-76.212882,36.794165],[-76.204178,36.771013],[-76.203982,36.770493],[-76.2037,36.769742],[-76.203574,36.769625],[-76.1967,36.767391],[-76.192244,36.765947],[-76.189299,36.764993],[-76.188024,36.764501],[-76.187058,36.764048],[-76.1836,36.763391],[-76.18179,36.763087],[-76.17753,36.762356],[-76.159305,36.759556],[-76.143357,36.757149],[-76.121479,36.737324],[-76.100054,36.718177],[-76.098455,36.71675],[-76.088935,36.713656],[-76.081654,36.71145],[-76.080346,36.705742],[-76.071984,36.69592],[-76.06781,36.692105],[-76.069153,36.67745],[-76.076854,36.67725],[-76.086154,36.67585],[-76.093954,36.67485],[-76.099815,36.673361],[-76.102655,36.66995],[-76.122364,36.645709],[-76.122452,36.617312],[-76.121619,36.588366],[-76.122662,36.571599],[-76.120502,36.550524],[-76.11504,36.550528],[-76.108895,36.550531],[-76.104886,36.550539],[-76.097629,36.550537],[-76.092949,36.550539],[-76.081956,36.550566],[-76.059413,36.550561],[-76.046605,36.550527],[-76.041854,36.550514],[-76.039092,36.550505],[-76.037411,36.550502],[-76.026721,36.55047],[-76.007687,36.550422],[-76.006666,36.550425],[-76.004003,36.550432],[-75.984229,36.550488],[-75.960023,36.550549],[-75.95798,36.550556],[-75.956959,36.550559],[-75.956112,36.550553],[-75.94996,36.550575],[-75.928004,36.550627],[-75.921522,36.550604],[-75.920496,36.550601],[-75.91947,36.550597],[-75.918444,36.550594],[-75.917364,36.55059],[-75.916335,36.550587],[-75.915367,36.550583],[-75.914341,36.55058],[-75.913315,36.550576],[-75.912289,36.550573],[-75.909745,36.550564],[-75.904082,36.550544],[-75.894659,36.550511],[-75.887416,36.550485],[-75.879462,36.550456],[-75.873307,36.550433],[-75.86852,36.550415],[-75.854355,36.550283],[-75.819825,36.625153],[-75.834038,36.654572],[-75.862119,36.714051],[-75.874647,36.744305],[-75.87918,36.76099],[-75.905263,36.856998],[-75.926847,36.936462],[-75.946481,37.000146],[-75.946599,37.00015],[-75.94827,37.000565],[-75.975839,37.007411],[-76.082314,37.029837],[-76.08488,37.030367],[-76.097069,37.033054],[-76.133872,37.040886],[-76.155444,36.996428],[-76.177275,36.94957],[-76.180495,36.936181],[-76.181426,36.931768],[-76.176325,36.922006],[-76.182472,36.921766],[-76.187509,36.922912],[-76.187923,36.921865],[-76.189166,36.918974],[-76.189745,36.918731],[-76.190001,36.918636],[-76.190317,36.918638],[-76.190997,36.918543],[-76.192214,36.91829],[-76.19258,36.918184],[-76.192531,36.918035],[-76.192285,36.917505],[-76.191033,36.914927],[-76.189943,36.912814],[-76.1892,36.912034],[-76.186013,36.909884],[-76.185148,36.90909],[-76.18414,36.908019],[-76.183109,36.907191],[-76.182062,36.906685],[-76.188285,36.899756],[-76.193959,36.893847],[-76.197691,36.885277],[-76.19752,36.884975],[-76.194269,36.879617],[-76.193069,36.877362],[-76.192954,36.877239],[-76.192682,36.877053],[-76.191624,36.876325],[-76.190127,36.875285],[-76.188643,36.874237],[-76.188524,36.874161],[-76.188453,36.874071],[-76.189965,36.872735],[-76.190292,36.869926],[-76.191459,36.867047],[-76.193202,36.865336],[-76.192843,36.864691],[-76.190259,36.863247],[-76.187033,36.862547],[-76.185059,36.861647],[-76.185159,36.860947],[-76.183882,36.860367],[-76.181712,36.859281],[-76.179558,36.858247],[-76.178558,36.857847],[-76.177458,36.857247],[-76.176975,36.856717],[-76.177294,36.855572],[-76.17762,36.854423],[-76.177672,36.8542],[-76.177865,36.853378],[-76.178106,36.852498],[-76.179097,36.850324],[-76.179467,36.849683],[-76.180753,36.848433],[-76.181883,36.847241],[-76.181986,36.847131],[-76.182918,36.846149],[-76.183371,36.845674],[-76.183737,36.845283],[-76.184116,36.844884],[-76.184545,36.844429],[-76.184715,36.844248],[-76.185281,36.843645],[-76.185814,36.843083],[-76.186234,36.84274],[-76.187099,36.842355],[-76.187694,36.842082],[-76.188056,36.841878],[-76.189188,36.841234],[-76.189529,36.841003],[-76.189935,36.840659],[-76.190715,36.840064],[-76.191843,36.838775],[-76.192386,36.837726],[-76.193557,36.83559],[-76.194953,36.833121],[-76.194944,36.832353],[-76.194894,36.83166],[-76.194846,36.831259],[-76.194729,36.83078],[-76.194742,36.829967],[-76.195799,36.829672],[-76.19794,36.828101],[-76.203344,36.830056],[-76.206859,36.832647],[-76.210158,36.832947],[-76.210654,36.832869],[-76.213495,36.83242],[-76.21726,36.833547],[-76.22306,36.837747],[-76.22516,36.837047],[-76.226857,36.834958],[-76.22776,36.833847]]],"bbox":[-76.22776,36.550283,-75.819825,37.040886]},"centroid":[-76.126741,36.779823],"label":"Virginia Beach","kindLabel":"Independent city","map":{"scale":"city","ocean_bearing":90,"water_label":"ATLANTIC","tint":"coastal","elev":null,"contours":[],"massifs":[],"towns":[],"rivers":[],"roads":[{"name":"US Hwy 58 Bus","cls":"arterial","points":[[-76.04672,36.84202],[-76.04556,36.8423],[-76.04258,36.84312],[-76.04184,36.84333],[-76.04046,36.8437],[-76.03938,36.84397],[-76.03856,36.84411],[-76.03769,36.8442],[-76.03703,36.84423],[-76.03637,36.84422],[-76.03546,36.84415],[-76.0345,36.84407],[-76.03299,36.84394],[-76.03199,36.84385],[-76.03159,36.84382],[-76.03053,36.84374],[-76.02971,36.84368],[-76.02919,36.84362],[-76.02752,36.84339],[-76.02685,36.84327],[-76.02645,36.84318]]},{"name":"US Hwy 58 Bus","cls":"arterial","points":[[-76.04659,36.84186],[-76.04618,36.84198],[-76.04469,36.8424],[-76.04358,36.8427],[-76.04294,36.84287],[-76.04275,36.84293],[-76.04219,36.84309],[-76.04166,36.84323],[-76.04038,36.84357],[-76.03963,36.84377],[-76.0393,36.84385],[-76.03862,36.84398],[-76.03832,36.84402],[-76.03762,36.84407],[-76.03725,36.8441],[-76.03695,36.84411],[-76.03649,36.84411],[-76.03634,36.8441],[-76.03546,36.84405],[-76.03513,36.84402],[-76.03451,36.84396],[-76.033,36.84383],[-76.03172,36.84372],[-76.03104,36.84367],[-76.03042,36.84362],[-76.0301,36.84359],[-76.02955,36.84353],[-76.02906,36.84348],[-76.02831,36.84338],[-76.02729,36.84325],[-76.02687,36.8432],[-76.02645,36.84318]]},{"name":"US Hwy 58 Bus","cls":"arterial","points":[[-75.99376,36.84196],[-75.99407,36.84184],[-75.99414,36.84183],[-75.99446,36.84176],[-75.99452,36.84175],[-75.99489,36.84169],[-75.99546,36.8417],[-75.99601,36.84172],[-75.99615,36.84173],[-75.99738,36.84178],[-75.99872,36.84193],[-75.99926,36.84199]]},{"name":"US Hwy 58 Bus","cls":"arterial","points":[[-76.02287,36.84269],[-76.02366,36.8428],[-76.02417,36.84287],[-76.0252,36.84301],[-76.02645,36.84318]]},{"name":"US Hwy 58 Bus","cls":"arterial","points":[[-75.99926,36.84199],[-75.99975,36.84205],[-76.00041,36.84216],[-76.00232,36.84253],[-76.00248,36.84256],[-76.00316,36.84264],[-76.00448,36.84269],[-76.0059,36.84271],[-76.00681,36.84272],[-76.00768,36.84273],[-76.00881,36.84274],[-76.00934,36.84275],[-76.01203,36.84278],[-76.01316,36.84279],[-76.01505,36.84281],[-76.0153,36.84278],[-76.01668,36.8425],[-76.01729,36.84241],[-76.01777,36.8424],[-76.01946,36.84242]]},{"name":"US Hwy 58 Bus","cls":"arterial","points":[[-76.01946,36.84242],[-76.01982,36.84246],[-76.02042,36.8425],[-76.02108,36.84249],[-76.02116,36.8425],[-76.02122,36.8425],[-76.02148,36.84255],[-76.02206,36.84264],[-76.02251,36.84267],[-76.02287,36.84269]]},{"name":"US Hwy 58 Bus","cls":"arterial","points":[[-76.01946,36.84242],[-76.02028,36.84239],[-76.02101,36.8424],[-76.0211,36.84241],[-76.02123,36.84242],[-76.0222,36.84255],[-76.02254,36.8426],[-76.02287,36.84269]]},{"name":"US Hwy 58 Bus","cls":"arterial","points":[[-75.97551,36.84512],[-75.97637,36.84497],[-75.97701,36.84486],[-75.97738,36.84481],[-75.9775,36.84479],[-75.97869,36.84458],[-75.97924,36.84449],[-75.98112,36.84416],[-75.98299,36.84383],[-75.98483,36.84351],[-75.98674,36.84317],[-75.9871,36.84311],[-75.98754,36.84303],[-75.98799,36.84295],[-75.98835,36.84289],[-75.98864,36.84284],[-75.98879,36.84281],[-75.98898,36.84278],[-75.98915,36.84275],[-75.99015,36.84257],[-75.9905,36.84251],[-75.99095,36.84243],[-75.99195,36.84226],[-75.99297,36.8421],[-75.99332,36.84204],[-75.99376,36.84196]]},{"name":"US Hwy 58 Bus","cls":"arterial","points":[[-75.99376,36.84196],[-75.99415,36.84191],[-75.99447,36.84186],[-75.99479,36.84184],[-75.99544,36.84182],[-75.996,36.84187],[-75.99614,36.84187],[-75.9967,36.84188],[-75.9974,36.84194],[-75.9981,36.84194],[-75.99832,36.84194],[-75.99926,36.84199]]},{"name":"N Witchduck Rd","cls":"arterial","points":[[-76.15872,36.84045],[-76.15843,36.84139],[-76.15794,36.84292],[-76.15719,36.84462],[-76.15664,36.84562],[-76.15606,36.84667],[-76.15557,36.8481],[-76.15503,36.85035],[-76.15459,36.85163],[-76.15361,36.85342],[-76.1529,36.85451],[-76.15271,36.85472],[-76.15203,36.8553],[-76.15112,36.8558],[-76.15008,36.85615],[-76.14829,36.8566],[-76.14519,36.85709],[-76.1441,36.85731],[-76.14286,36.85786],[-76.14191,36.85844],[-76.14123,36.85902],[-76.13998,36.86045],[-76.13944,36.86096],[-76.13894,36.86123],[-76.13845,36.86137],[-76.13842,36.86138]]},{"name":"N Witchduck Rd","cls":"arterial","points":[[-76.15853,36.84059],[-76.15829,36.84137],[-76.1579,36.84261],[-76.15736,36.84393],[-76.15675,36.84509],[-76.15637,36.84572],[-76.15597,36.84645],[-76.15571,36.84711],[-76.15527,36.84861],[-76.1548,36.85066],[-76.1544,36.85172],[-76.15407,36.85234],[-76.15342,36.85346],[-76.15286,36.85435],[-76.15239,36.85485],[-76.15187,36.85525],[-76.15127,36.85559],[-76.15032,36.85596],[-76.14908,36.85631],[-76.14813,36.85651],[-76.14738,36.85664],[-76.1448,36.85703],[-76.14409,36.85719],[-76.14279,36.85776],[-76.14207,36.85818],[-76.14148,36.85862],[-76.14087,36.85922],[-76.13953,36.86075],[-76.13937,36.86087],[-76.13896,36.86108]]},{"name":"N Newtown Rd","cls":"arterial","points":[[-76.18337,36.84567],[-76.18321,36.84584],[-76.18306,36.846],[-76.18292,36.84615],[-76.18282,36.84625],[-76.18203,36.84708],[-76.18199,36.84713],[-76.18193,36.84719],[-76.18191,36.84722],[-76.18188,36.84724],[-76.18119,36.84798],[-76.18098,36.84819],[-76.18075,36.84843],[-76.18051,36.84867]]},{"name":"N Rosemont Rd","cls":"arterial","points":[[-76.09742,36.83952],[-76.09769,36.8402],[-76.09782,36.84032],[-76.09784,36.84016],[-76.09757,36.83952]]},{"name":"N Landing Rd","cls":"arterial","points":[[-76.05376,36.75169],[-76.05406,36.75085],[-76.05453,36.75036],[-76.05531,36.74988],[-76.05728,36.74919],[-76.05897,36.7486],[-76.06198,36.74766],[-76.06461,36.74684],[-76.06944,36.74526],[-76.0707,36.74484],[-76.07301,36.74406],[-76.07502,36.74352],[-76.07619,36.74332],[-76.07914,36.74273],[-76.08207,36.74223],[-76.08697,36.74124],[-76.08949,36.74087],[-76.0952,36.74073],[-76.09651,36.7406],[-76.09773,36.74009],[-76.0985,36.73934],[-76.09891,36.73814],[-76.09889,36.73553],[-76.09886,36.73398],[-76.0988,36.73049],[-76.09876,36.72781],[-76.0987,36.72406],[-76.09887,36.72284],[-76.09973,36.71896],[-76.10002,36.71825],[-76.10005,36.71818]]},{"name":"N Great Neck Rd","cls":"arterial","points":[[-76.04836,36.84152],[-76.04783,36.84301],[-76.04795,36.84482],[-76.0481,36.84854],[-76.04825,36.85152],[-76.04847,36.85388],[-76.04732,36.85814],[-76.04527,36.86449],[-76.04405,36.86621],[-76.04203,36.86899],[-76.04106,36.87032],[-76.03989,36.87221],[-76.03955,36.87343],[-76.03962,36.87515],[-76.04002,36.87623],[-76.04153,36.87818],[-76.04519,36.88213],[-76.04828,36.88549],[-76.05053,36.88863],[-76.052,36.88987],[-76.05857,36.89418],[-76.06308,36.89747],[-76.06467,36.89885],[-76.06603,36.90069],[-76.06679,36.9024],[-76.06709,36.90361],[-76.06722,36.90501],[-76.06755,36.9097],[-76.06802,36.9113],[-76.06844,36.91238]]},{"name":"N Great Neck Rd","cls":"arterial","points":[[-76.04854,36.84151],[-76.04799,36.84328],[-76.04821,36.84504],[-76.04832,36.84862],[-76.04847,36.85149],[-76.04865,36.85349],[-76.04857,36.85488],[-76.0462,36.86255],[-76.04548,36.86453],[-76.04292,36.86814],[-76.04053,36.87142],[-76.03977,36.87323],[-76.0397,36.87459],[-76.04048,36.87672],[-76.04196,36.87842],[-76.04421,36.88085],[-76.04555,36.88227],[-76.04858,36.88562],[-76.05072,36.88853],[-76.052,36.88963],[-76.05839,36.89383],[-76.06162,36.89615],[-76.06383,36.89778],[-76.06535,36.89934],[-76.06635,36.90083],[-76.06705,36.90263],[-76.06721,36.90328],[-76.06738,36.90454],[-76.06758,36.90761],[-76.0678,36.90985],[-76.06852,36.9122],[-76.06858,36.91234]]},{"name":"N Newtown Rd","cls":"arterial","points":[[-76.17947,36.84968],[-76.17934,36.84987],[-76.1792,36.85012],[-76.1791,36.85032],[-76.179,36.85057],[-76.17857,36.85145],[-76.17811,36.8525],[-76.1781,36.85252],[-76.17796,36.85304],[-76.17786,36.85338],[-76.17785,36.85343],[-76.17768,36.85416],[-76.17767,36.8542],[-76.17767,36.85422],[-76.17764,36.85436]]},{"name":"S Military Hwy","cls":"arterial","points":[[-76.2189,36.80988],[-76.21871,36.81023],[-76.21823,36.81105],[-76.21815,36.81123],[-76.2176,36.81218],[-76.2173,36.81269],[-76.21685,36.81348],[-76.21605,36.81482],[-76.21579,36.81525],[-76.21515,36.81633],[-76.2149,36.81675],[-76.2144,36.8176],[-76.21305,36.81988],[-76.21228,36.82115],[-76.21199,36.82163],[-76.21146,36.82254],[-76.21125,36.82295],[-76.21098,36.82366],[-76.21081,36.82435],[-76.21071,36.82499],[-76.21069,36.82534],[-76.21063,36.82835],[-76.21066,36.8295],[-76.2107,36.83054],[-76.21067,36.83211],[-76.21065,36.83287]]},{"name":"S Witchduck Rd","cls":"arterial","points":[[-76.1608,36.82533],[-76.16026,36.82684],[-76.16019,36.82704],[-76.16011,36.82723],[-76.15984,36.82798],[-76.15976,36.82819],[-76.15943,36.82914],[-76.15951,36.83056],[-76.1595,36.83249],[-76.1595,36.83382],[-76.15958,36.8346],[-76.15964,36.83527],[-76.15962,36.83605],[-76.15958,36.83664],[-76.15953,36.83689],[-76.15943,36.83721],[-76.15936,36.8375],[-76.15916,36.83833],[-76.15899,36.83895],[-76.15857,36.84044],[-76.15853,36.84059]]},{"name":"S Military Hwy","cls":"arterial","points":[[-76.21041,36.83291],[-76.21043,36.83232],[-76.21045,36.83134],[-76.21046,36.83067],[-76.21042,36.82951],[-76.21039,36.82835],[-76.21044,36.82609],[-76.21045,36.82534],[-76.21053,36.82452],[-76.2107,36.82379],[-76.2109,36.82319],[-76.21114,36.82265],[-76.21132,36.82232],[-76.21198,36.82117],[-76.21287,36.81963],[-76.21348,36.81865],[-76.21382,36.8181],[-76.21407,36.8177],[-76.21483,36.81637],[-76.21668,36.81322],[-76.2171,36.81249],[-76.21748,36.81186],[-76.21792,36.81113],[-76.21884,36.8097]]},{"name":"S Rosemont Rd","cls":"arterial","points":[[-76.09928,36.79349],[-76.09904,36.79403],[-76.09882,36.79472],[-76.09875,36.79552],[-76.0987,36.79732],[-76.09898,36.79894],[-76.09966,36.8017],[-76.10015,36.8031],[-76.10046,36.80459],[-76.10051,36.80531],[-76.10045,36.80647],[-76.10031,36.80733],[-76.09998,36.80835],[-76.09914,36.80994],[-76.09866,36.81083],[-76.09832,36.81182],[-76.09817,36.81323],[-76.0979,36.81827],[-76.0978,36.82014],[-76.09754,36.82178],[-76.09647,36.82554],[-76.09552,36.82896],[-76.09542,36.82994],[-76.09523,36.83368],[-76.0953,36.83418],[-76.09654,36.83707],[-76.09688,36.83798],[-76.09744,36.83927],[-76.09757,36.83952]]},{"name":"S Witchduck Rd","cls":"arterial","points":[[-76.15872,36.84045],[-76.15891,36.83978],[-76.15928,36.8384],[-76.1596,36.83733],[-76.15982,36.83647],[-76.15985,36.83599],[-76.15986,36.83549],[-76.15986,36.83508],[-76.15977,36.83432],[-76.15972,36.83358],[-76.15976,36.83245],[-76.15972,36.83054],[-76.15961,36.8292],[-76.15961,36.82909],[-76.15999,36.82817],[-76.16023,36.82756],[-76.16048,36.82693]]},{"name":"S Rosemont Rd","cls":"arterial","points":[[-76.09853,36.79551],[-76.09854,36.79729],[-76.09892,36.79949],[-76.09935,36.80134],[-76.09989,36.80282],[-76.10016,36.80375],[-76.10033,36.80487],[-76.10031,36.8062],[-76.10009,36.80737],[-76.09967,36.80857],[-76.09867,36.81049],[-76.09819,36.81175],[-76.09803,36.8133],[-76.09784,36.81688],[-76.0977,36.81963],[-76.0975,36.82125],[-76.09682,36.82388],[-76.09647,36.82505],[-76.0961,36.82638],[-76.0954,36.82892],[-76.09525,36.83067],[-76.0952,36.83186],[-76.09511,36.83387],[-76.09524,36.83439],[-76.09655,36.83742],[-76.09697,36.83851],[-76.09742,36.83952]]},{"name":"E Little Creek Rd","cls":"arterial","points":[[-76.19245,36.91786],[-76.19251,36.91799],[-76.19253,36.91804],[-76.19255,36.91808],[-76.19257,36.91815],[-76.19258,36.91818]]},{"name":"Virginia Beach Blvd","cls":"arterial","points":[[-76.17767,36.8542],[-76.17188,36.85182],[-76.16608,36.84946],[-76.15835,36.84632],[-76.15301,36.84415],[-76.15077,36.84368],[-76.1459,36.8436],[-76.13666,36.84346],[-76.12724,36.84332],[-76.12207,36.84325],[-76.11777,36.84298],[-76.1112,36.84065],[-76.10873,36.83993],[-76.10202,36.8398],[-76.09521,36.8407],[-76.08412,36.84231],[-76.07602,36.84349],[-76.07053,36.84399],[-76.06761,36.8432],[-76.06305,36.84136],[-76.06135,36.84085],[-76.05881,36.84087],[-76.0569,36.84114],[-76.05234,36.8418],[-76.04904,36.8415],[-76.04659,36.84186],[-76.04038,36.84357],[-76.03649,36.84411],[-76.03042,36.84362],[-76.02645,36.84318]]},{"name":"State Rte 165","cls":"arterial","points":[[-76.08575,36.77198],[-76.08975,36.77454],[-76.0939,36.77727],[-76.10783,36.78602],[-76.11415,36.78998],[-76.11921,36.7932],[-76.1241,36.79632],[-76.1267,36.79752],[-76.12778,36.79861],[-76.12865,36.79929],[-76.13158,36.80163],[-76.13474,36.80723],[-76.1358,36.80871],[-76.13886,36.81101],[-76.14457,36.8151],[-76.14728,36.8173],[-76.15229,36.82318],[-76.15469,36.82455],[-76.15761,36.82505],[-76.1608,36.82533],[-76.16404,36.82638],[-76.16547,36.82739],[-76.1688,36.82886],[-76.1734,36.83036],[-76.17562,36.8316],[-76.17766,36.83375],[-76.17994,36.83728],[-76.18167,36.83939],[-76.18486,36.84072],[-76.18765,36.84196],[-76.18776,36.84205]]},{"name":"Northampton Blvd","cls":"arterial","points":[[-76.13006,36.90193],[-76.13096,36.90109],[-76.132,36.90045],[-76.13564,36.89949],[-76.14072,36.89854],[-76.14432,36.89783],[-76.14493,36.89771],[-76.15267,36.8962],[-76.15469,36.89573],[-76.15751,36.89485],[-76.16094,36.89374],[-76.16205,36.89343],[-76.16448,36.89298],[-76.17023,36.89204],[-76.1733,36.89151],[-76.17446,36.89117],[-76.17524,36.89081],[-76.17586,36.89044],[-76.1769,36.88958],[-76.1794,36.88687],[-76.18115,36.88503],[-76.18322,36.88363],[-76.18689,36.88125],[-76.18836,36.88029],[-76.19004,36.87921],[-76.19312,36.87743]]},{"name":"Shore Dr","cls":"arterial","points":[[-76.18208,36.9066],[-76.18016,36.90585],[-76.17878,36.90555],[-76.17727,36.90556],[-76.17644,36.9057],[-76.17435,36.90622],[-76.17102,36.90706],[-76.17001,36.90717],[-76.16931,36.90717],[-76.16728,36.90701],[-76.16496,36.90684],[-76.16192,36.90692],[-76.15398,36.90677],[-76.14589,36.90571],[-76.13981,36.90488],[-76.13752,36.90458],[-76.13227,36.90386],[-76.1304,36.90363],[-76.12914,36.90371],[-76.12725,36.90406],[-76.12475,36.90454],[-76.12157,36.9052],[-76.11831,36.90585],[-76.11459,36.9066],[-76.11233,36.90697],[-76.10929,36.90722],[-76.1065,36.90745],[-76.10251,36.90778],[-76.09964,36.90792],[-76.09681,36.90779],[-76.09344,36.90757]]},{"name":"Indian River Rd","cls":"arterial","points":[[-76.17228,36.79542],[-76.17292,36.79585],[-76.17439,36.79691],[-76.1752,36.79744],[-76.17671,36.79829],[-76.17937,36.7996],[-76.18188,36.80084],[-76.18452,36.80216],[-76.18547,36.80261],[-76.18749,36.80349],[-76.18893,36.80414],[-76.1901,36.8047],[-76.19193,36.80559],[-76.19454,36.80687],[-76.19606,36.80761],[-76.19805,36.80858],[-76.20001,36.80955],[-76.202,36.81057],[-76.203,36.81107],[-76.20417,36.81163],[-76.20522,36.81214],[-76.20587,36.81251],[-76.20713,36.8133],[-76.20865,36.81425],[-76.21131,36.81599],[-76.21273,36.81691],[-76.21355,36.81739],[-76.21415,36.81757],[-76.2156,36.81765],[-76.21622,36.81776],[-76.21762,36.81817],[-76.22316,36.81981]]},{"name":"State Rte 403","cls":"arterial","points":[[-76.18776,36.84205],[-76.18762,36.84212],[-76.1871,36.84236],[-76.1865,36.8426],[-76.18608,36.84285],[-76.18581,36.84308],[-76.18574,36.84317],[-76.18501,36.84393],[-76.18471,36.84425],[-76.18459,36.84438],[-76.18438,36.8446],[-76.18412,36.84488],[-76.18387,36.84514],[-76.18359,36.84544],[-76.18337,36.84567],[-76.18306,36.846],[-76.18282,36.84625],[-76.18199,36.84713],[-76.18191,36.84722],[-76.18119,36.84798],[-76.18075,36.84843],[-76.18051,36.84867]]},{"name":"Shore Dr","cls":"arterial","points":[[-75.99544,36.90766],[-75.99684,36.90746],[-75.99819,36.9076],[-75.99972,36.90818],[-76.01948,36.91901],[-76.0209,36.91959],[-76.02233,36.91987],[-76.03845,36.92006],[-76.0396,36.92022],[-76.04211,36.92122],[-76.04335,36.92144],[-76.04523,36.92126],[-76.04643,36.9208],[-76.05134,36.91833],[-76.0545,36.91686],[-76.05839,36.91507],[-76.0615,36.91414],[-76.06604,36.91296],[-76.06858,36.91234],[-76.07022,36.91178],[-76.0718,36.91129],[-76.07335,36.911],[-76.07762,36.91037],[-76.08129,36.90982],[-76.08245,36.90951],[-76.08408,36.90857],[-76.08551,36.90783],[-76.08661,36.90752],[-76.0882,36.90737],[-76.09047,36.9075]]},{"name":"State Rte 149","cls":"arterial","points":[[-76.02363,36.75793],[-76.02348,36.75806],[-76.0232,36.75827],[-76.02309,36.75834],[-76.02297,36.7584],[-76.02261,36.7586],[-76.02226,36.75878],[-76.02091,36.75949],[-76.01979,36.76008],[-76.01956,36.76021],[-76.01885,36.7606]]},{"name":"Princess Anne Rd","cls":"arterial","points":[[-76.05866,36.75466],[-76.05869,36.75472],[-76.05988,36.75549],[-76.06036,36.75583],[-76.06083,36.75614],[-76.06103,36.75627],[-76.06127,36.75643],[-76.06146,36.75654],[-76.06169,36.75665],[-76.06192,36.7568],[-76.06219,36.75698],[-76.06262,36.7572]]},{"name":"Ferrell Pkwy","cls":"arterial","points":[[-76.17131,36.79519],[-76.1709,36.79507],[-76.17035,36.79496],[-76.16996,36.79491],[-76.16932,36.79489],[-76.16887,36.79492],[-76.16831,36.795],[-76.16598,36.79547],[-76.16361,36.79596],[-76.16309,36.79605],[-76.16254,36.79616],[-76.16209,36.79619],[-76.16159,36.79617],[-76.1606,36.79604],[-76.15672,36.7955],[-76.15599,36.79541],[-76.15555,36.79542],[-76.15496,36.79551],[-76.15451,36.79564],[-76.15387,36.79592],[-76.15199,36.7968],[-76.15162,36.79693],[-76.15096,36.7971],[-76.15041,36.79719],[-76.14982,36.79722],[-76.1485,36.79717]]},{"name":"I- 64","cls":"interstate","points":[[-76.1958,36.82967],[-76.19568,36.82851],[-76.19544,36.82631],[-76.19518,36.8236],[-76.19513,36.82264],[-76.19508,36.82136],[-76.19505,36.82023],[-76.19503,36.81915],[-76.19499,36.81676],[-76.19496,36.8156],[-76.19491,36.81353],[-76.19492,36.81295],[-76.1949,36.81203],[-76.19495,36.81104],[-76.19511,36.80981],[-76.19534,36.8088],[-76.19561,36.8079],[-76.19577,36.80747],[-76.19613,36.80661],[-76.19639,36.80607],[-76.19686,36.80524],[-76.1973,36.80455],[-76.19773,36.80395],[-76.19854,36.80296],[-76.19932,36.80214],[-76.19999,36.80151],[-76.20126,36.80047],[-76.20223,36.79979],[-76.20315,36.79923],[-76.20421,36.79867],[-76.21038,36.79575],[-76.21302,36.7945]]},{"name":"Lynnhaven Pkwy","cls":"arterial","points":[[-76.17531,36.78006],[-76.17518,36.7801],[-76.17507,36.78012],[-76.17499,36.78015],[-76.17474,36.78033],[-76.17432,36.7806],[-76.17364,36.78101],[-76.17337,36.78117],[-76.17312,36.78131],[-76.173,36.78136],[-76.1729,36.7814],[-76.17273,36.78147],[-76.17254,36.78152],[-76.17241,36.78156],[-76.17211,36.78164],[-76.17196,36.78169],[-76.17189,36.78172],[-76.17168,36.78181],[-76.17154,36.78188],[-76.17137,36.78198],[-76.17129,36.78204],[-76.1711,36.78219],[-76.17097,36.78231],[-76.17077,36.78253],[-76.17027,36.78311],[-76.16978,36.78368],[-76.16951,36.78399]]},{"name":"Shore Dr","cls":"arterial","points":[[-75.99384,36.90754],[-75.99535,36.90749],[-75.99718,36.90729],[-75.999,36.90762],[-76.00508,36.91088],[-76.0201,36.91895],[-76.022,36.91951],[-76.02445,36.91974],[-76.02845,36.91976],[-76.03231,36.91979],[-76.0357,36.91982],[-76.03824,36.9199],[-76.04037,36.92037],[-76.0425,36.92117],[-76.04444,36.9213],[-76.04664,36.92056],[-76.05677,36.91568],[-76.05896,36.9147],[-76.06236,36.91379],[-76.06733,36.91251],[-76.07007,36.91169],[-76.07252,36.91102],[-76.07933,36.91],[-76.08187,36.90957],[-76.08319,36.90901],[-76.08492,36.90796],[-76.0864,36.90746],[-76.0883,36.90725],[-76.09049,36.90739]]},{"name":"Chesapeake Bay Bridge Tunl","cls":"interstate","points":[[-76.12975,36.91911],[-76.12972,36.91922],[-76.12961,36.91954],[-76.12929,36.92047],[-76.12844,36.92292],[-76.12762,36.92529],[-76.12673,36.92804],[-76.12422,36.93662],[-76.12138,36.94465],[-76.1173,36.95586],[-76.11676,36.95738],[-76.1165,36.95812],[-76.11612,36.95915],[-76.11592,36.95962],[-76.11574,36.96003],[-76.11551,36.96047],[-76.11488,36.96158],[-76.11407,36.96302],[-76.11324,36.96479]]},{"name":"Lynnhaven Pkwy","cls":"arterial","points":[[-76.16951,36.78399],[-76.16949,36.78402],[-76.16924,36.7843],[-76.16893,36.78466],[-76.16876,36.78482],[-76.16858,36.78497],[-76.1684,36.7851],[-76.16828,36.78518],[-76.1681,36.78528],[-76.1679,36.78538],[-76.16763,36.78549],[-76.16739,36.78556],[-76.1672,36.78561],[-76.16696,36.78566],[-76.16674,36.78569],[-76.16651,36.78571],[-76.16626,36.78572],[-76.16595,36.78571],[-76.16552,36.78567],[-76.16515,36.78564],[-76.16498,36.78563],[-76.16419,36.78557]]},{"name":"83rd St","cls":"arterial","points":[[-75.99384,36.90754],[-75.99394,36.90758],[-75.99406,36.90762],[-75.99421,36.90765],[-75.99434,36.90765],[-75.99447,36.90765],[-75.99535,36.90749]]},{"name":"State Rte 403","cls":"arterial","points":[[-76.17947,36.84968],[-76.17934,36.84987],[-76.1792,36.85012],[-76.1791,36.85032],[-76.179,36.85057],[-76.17857,36.85145],[-76.17811,36.8525],[-76.1781,36.85252],[-76.17796,36.85304],[-76.17786,36.85338],[-76.17785,36.85343],[-76.17768,36.85416],[-76.17767,36.8542],[-76.17767,36.85422],[-76.17764,36.85436]]},{"name":"Newtown Rd","cls":"arterial","points":[[-76.17947,36.84968],[-76.17934,36.84987],[-76.1792,36.85012],[-76.1791,36.85032],[-76.179,36.85057],[-76.17857,36.85145],[-76.17811,36.8525],[-76.1781,36.85252],[-76.17796,36.85304],[-76.17786,36.85338],[-76.17785,36.85343],[-76.17768,36.85416],[-76.17767,36.8542],[-76.17767,36.85422],[-76.17764,36.85436]]},{"name":"John A Lesner Brg","cls":"arterial","points":[[-76.09047,36.9075],[-76.09086,36.90753],[-76.09155,36.90757],[-76.09191,36.90758],[-76.09357,36.90769]]},{"name":"Atlantic Ave","cls":"arterial","points":[[-75.97103,36.83347],[-75.97103,36.83326],[-75.97103,36.83294],[-75.97104,36.83279],[-75.97103,36.83264],[-75.97108,36.83237],[-75.97112,36.83222],[-75.97123,36.83199],[-75.9714,36.83175],[-75.97159,36.83152],[-75.97164,36.8313],[-75.97158,36.83113],[-75.9713,36.83087],[-75.97089,36.83052],[-75.97063,36.83033],[-75.97043,36.83034],[-75.97031,36.83041],[-75.97025,36.83059],[-75.9704,36.83121],[-75.97072,36.83235],[-75.97103,36.83347]]},{"name":"State Rte 190","cls":"arterial","points":[[-76.2036,36.76963],[-76.19969,36.7749],[-76.19618,36.77838],[-76.19366,36.77937],[-76.19049,36.78178],[-76.18518,36.78577],[-76.18279,36.78816],[-76.17904,36.79184],[-76.17609,36.79477],[-76.17371,36.79997],[-76.17358,36.80368],[-76.17226,36.80572],[-76.16952,36.80692],[-76.16801,36.80811],[-76.16541,36.81321],[-76.16391,36.81616],[-76.16152,36.82228],[-76.16019,36.82704],[-76.15953,36.83147],[-76.15958,36.83664],[-76.15877,36.83976],[-76.15748,36.84367],[-76.15588,36.84665],[-76.1544,36.85172],[-76.15263,36.85461],[-76.14979,36.85612],[-76.1448,36.85703],[-76.14151,36.8586],[-76.13926,36.86094],[-76.13421,36.86196],[-76.13214,36.86234]]},{"name":"Independence Blvd","cls":"arterial","points":[[-76.13767,36.83387],[-76.13727,36.83707],[-76.13706,36.83885],[-76.13701,36.84143],[-76.13694,36.84406],[-76.13687,36.8478],[-76.13677,36.85107],[-76.1359,36.85348],[-76.13387,36.85773],[-76.13307,36.86006],[-76.13247,36.86206],[-76.13226,36.8634],[-76.13223,36.86502],[-76.13295,36.86787],[-76.13426,36.87255],[-76.13469,36.87441],[-76.13406,36.87689],[-76.13335,36.87918],[-76.13324,36.88196],[-76.13367,36.88285],[-76.13488,36.88452],[-76.1368,36.88775],[-76.13872,36.89071],[-76.13986,36.89228],[-76.1415,36.89364],[-76.14353,36.89476],[-76.1443,36.89558],[-76.14466,36.89675],[-76.14498,36.89961],[-76.14549,36.90199],[-76.14678,36.90511],[-76.14702,36.90586]]},{"name":"Independence Blvd","cls":"arterial","points":[[-76.13666,36.84346],[-76.13668,36.84266],[-76.13669,36.84217],[-76.1367,36.84185],[-76.13672,36.84142],[-76.13673,36.84098],[-76.13675,36.84014],[-76.13676,36.83982],[-76.13677,36.83954],[-76.13677,36.83938],[-76.13679,36.83906],[-76.13681,36.83862],[-76.13684,36.83829],[-76.13686,36.83811],[-76.13689,36.83789],[-76.13694,36.83754],[-76.13706,36.83667],[-76.13723,36.83554],[-76.13729,36.83517],[-76.13738,36.83474],[-76.13745,36.83429],[-76.13748,36.83407],[-76.13751,36.83385]]},{"name":"Princess Anne Rd","cls":"arterial","points":[[-76.18776,36.84205],[-76.18563,36.84096],[-76.18189,36.83954],[-76.18029,36.83784],[-76.17785,36.83405],[-76.17594,36.83184],[-76.17343,36.83037],[-76.16903,36.82893],[-76.16552,36.82742],[-76.16435,36.82664],[-76.16086,36.82534],[-76.15776,36.82505],[-76.15478,36.82458],[-76.15248,36.82335],[-76.14835,36.81862],[-76.14485,36.8153],[-76.14022,36.81199],[-76.13607,36.80896],[-76.13489,36.80749],[-76.13175,36.80186],[-76.12903,36.79955],[-76.12791,36.79876],[-76.12681,36.79759],[-76.12466,36.79662],[-76.11988,36.79363],[-76.11496,36.79054],[-76.10957,36.78711],[-76.09508,36.77797],[-76.09023,36.77492],[-76.08662,36.77251],[-76.08575,36.77198]]},{"name":"Lynnhaven Pkwy","cls":"arterial","points":[[-76.06621,36.83613],[-76.06742,36.83403],[-76.06746,36.83174],[-76.06715,36.82376],[-76.06705,36.81553],[-76.0679,36.81371],[-76.07041,36.81194],[-76.07803,36.80707],[-76.08102,36.80529],[-76.08272,36.8042],[-76.08577,36.80049],[-76.08683,36.79841],[-76.08784,36.7969],[-76.08959,36.79583],[-76.09178,36.79508],[-76.09333,36.79488],[-76.09819,36.7955],[-76.1004,36.79552],[-76.10486,36.79439],[-76.10651,36.79426],[-76.11224,36.79592],[-76.11463,36.79619],[-76.11648,36.79565],[-76.11904,36.79337],[-76.12211,36.79026],[-76.12364,36.78958],[-76.13045,36.78896],[-76.14141,36.78809],[-76.14615,36.78748],[-76.1528,36.78624],[-76.15815,36.78541],[-76.16355,36.7856],[-76.16419,36.78557]]},{"name":"US Hwy 13","cls":"arterial","points":[[-76.19301,36.8773],[-76.19191,36.87791],[-76.19001,36.87899],[-76.18673,36.8811],[-76.18319,36.8834],[-76.18117,36.88473],[-76.17967,36.88623],[-76.17882,36.88716],[-76.17632,36.88987],[-76.17567,36.89038],[-76.17513,36.8907],[-76.17459,36.89095],[-76.17388,36.89121],[-76.17319,36.89139],[-76.16676,36.89246],[-76.16556,36.89266],[-76.16363,36.89298],[-76.16227,36.89323],[-76.16137,36.89346],[-76.1596,36.894],[-76.15618,36.89511],[-76.1541,36.89574],[-76.15241,36.89611],[-76.15166,36.89625],[-76.14939,36.8967],[-76.14551,36.89745],[-76.14453,36.89764],[-76.14027,36.89846],[-76.13473,36.8995],[-76.13229,36.9001],[-76.13154,36.90045],[-76.13074,36.90097],[-76.13039,36.90128]]},{"name":"US Hwy 60","cls":"arterial","points":[[-75.99256,36.90493],[-75.99355,36.90732],[-75.99569,36.90742],[-75.99874,36.90754],[-76.01747,36.91763],[-76.02247,36.91958],[-76.02798,36.91976],[-76.03401,36.9198],[-76.03864,36.91993],[-76.0423,36.92112],[-76.04554,36.92103],[-76.05695,36.9156],[-76.06147,36.91403],[-76.06894,36.91209],[-76.07286,36.91096],[-76.08151,36.90965],[-76.08413,36.9084],[-76.08649,36.90744],[-76.09086,36.90741],[-76.09964,36.90792],[-76.10915,36.90723],[-76.11459,36.9066],[-76.12218,36.90507],[-76.12914,36.90371],[-76.13418,36.90413],[-76.14589,36.90571],[-76.16399,36.90684],[-76.16931,36.90717],[-76.17256,36.90668],[-76.17727,36.90556],[-76.18179,36.90646],[-76.18208,36.9066]]},{"name":"State Rte 166","cls":"arterial","points":[[-76.17928,36.88699],[-76.1794,36.88687]]},{"name":"State Rte 279","cls":"arterial","points":[[-76.06858,36.91234],[-76.0679,36.91028],[-76.06759,36.90789],[-76.06739,36.90462],[-76.06724,36.90346],[-76.06709,36.90277],[-76.06652,36.90118],[-76.06558,36.89964],[-76.06391,36.89785],[-76.06181,36.89628],[-76.0586,36.89397],[-76.05247,36.88994],[-76.05094,36.88876],[-76.04894,36.88614],[-76.04563,36.88237],[-76.04432,36.88096],[-76.04213,36.8786],[-76.04054,36.87681],[-76.03971,36.87473],[-76.03971,36.87365],[-76.04038,36.87163],[-76.04262,36.86855],[-76.04538,36.86471],[-76.0461,36.86287],[-76.0485,36.85512],[-76.04867,36.85371],[-76.04847,36.85154],[-76.04834,36.84936],[-76.04826,36.84544],[-76.04797,36.84348],[-76.04847,36.84173],[-76.04854,36.84151]]},{"name":"Kempsville Rd","cls":"arterial","points":[[-76.16048,36.82693],[-76.16091,36.82555],[-76.16153,36.82257],[-76.16236,36.8197],[-76.16374,36.81681],[-76.16555,36.81323],[-76.16728,36.80984],[-76.16839,36.8078],[-76.16952,36.80704],[-76.17153,36.80633],[-76.17293,36.80518],[-76.17369,36.80377],[-76.1738,36.80242],[-76.17389,36.79987],[-76.17589,36.79555],[-76.17678,36.79405],[-76.17786,36.79305],[-76.17988,36.79117],[-76.1822,36.78888],[-76.18536,36.78578],[-76.18737,36.7844],[-76.19063,36.78181],[-76.1927,36.78005],[-76.19357,36.77955],[-76.19513,36.77915],[-76.19643,36.77841],[-76.19844,36.77666],[-76.20035,36.77428],[-76.20315,36.7705],[-76.2037,36.76974]]},{"name":"State Rte 165","cls":"arterial","points":[[-76.05866,36.75466],[-76.05602,36.75298],[-76.05465,36.75212],[-76.05391,36.75112],[-76.05419,36.75068],[-76.0549,36.7501],[-76.05636,36.74948],[-76.05863,36.74872],[-76.06001,36.74827],[-76.06223,36.74758],[-76.06852,36.74559],[-76.07027,36.74499],[-76.07195,36.74442],[-76.07406,36.74373],[-76.07568,36.74341],[-76.07828,36.74289],[-76.08131,36.74235],[-76.0843,36.74175],[-76.08873,36.74092],[-76.09188,36.74081],[-76.09608,36.74068],[-76.09726,36.74034],[-76.09828,36.73963],[-76.09888,36.73847],[-76.09889,36.73595],[-76.09886,36.73458],[-76.09883,36.73217],[-76.09878,36.72907],[-76.09872,36.7258],[-76.09875,36.72344],[-76.09923,36.7212],[-76.09988,36.71855],[-76.10005,36.71818]]},{"name":"Ferrell Pkwy","cls":"arterial","points":[[-76.14851,36.79702],[-76.14978,36.79707],[-76.15037,36.79704],[-76.1509,36.79696],[-76.15144,36.79683],[-76.15192,36.79666],[-76.15399,36.7957],[-76.15459,36.79545],[-76.15495,36.79536],[-76.1553,36.79529],[-76.1557,36.79526],[-76.15611,36.79527],[-76.15891,36.79565],[-76.16122,36.79597],[-76.16188,36.79604],[-76.16235,36.79603],[-76.16343,36.79583],[-76.16573,36.79537],[-76.16823,36.79487],[-76.16902,36.79476],[-76.16961,36.79474],[-76.17016,36.79478],[-76.17061,36.79485],[-76.17085,36.7949],[-76.17164,36.79515],[-76.17195,36.79527],[-76.17228,36.79542]]},{"name":"US Hwy 58","cls":"arterial","points":[[-75.97926,36.85914],[-75.98021,36.85897],[-75.98118,36.8588],[-75.98201,36.85866],[-75.98303,36.85848],[-75.98326,36.85844],[-75.9841,36.85829],[-75.98413,36.85828],[-75.98442,36.85823],[-75.98452,36.85821],[-75.98473,36.85818],[-75.98481,36.85816],[-75.98488,36.85815],[-75.98498,36.85813],[-75.98525,36.85808],[-75.98548,36.85804],[-75.9861,36.85792],[-75.98672,36.8578],[-75.98726,36.8577],[-75.98735,36.85768],[-75.98767,36.85762],[-75.98873,36.85742]]},{"name":"Heron Lndg","cls":"arterial","points":[[-75.99886,36.84788],[-75.99888,36.8478],[-75.99886,36.84751]]},{"name":"Virginia Beach Blvd","cls":"arterial","points":[[-75.99376,36.84196],[-75.99407,36.84184],[-75.99414,36.84183],[-75.99446,36.84176],[-75.99452,36.84175],[-75.99489,36.84169],[-75.99546,36.8417],[-75.99601,36.84172],[-75.99615,36.84173],[-75.99738,36.84178],[-75.99872,36.84193],[-75.99926,36.84199]]},{"name":"State Rte 166","cls":"arterial","points":[[-76.19301,36.8773],[-76.19244,36.87761],[-76.19238,36.87764],[-76.19191,36.87791],[-76.19055,36.87868],[-76.19005,36.87897],[-76.19001,36.87899],[-76.18957,36.87926],[-76.18795,36.88032],[-76.18673,36.8811],[-76.18583,36.88169],[-76.18513,36.88214],[-76.18319,36.8834],[-76.18239,36.88391],[-76.18146,36.88452],[-76.18117,36.88473],[-76.18091,36.88494],[-76.18059,36.88524],[-76.17967,36.88623],[-76.17927,36.88667]]},{"name":"US Hwy 13","cls":"interstate","points":[[-76.08486,37.03036],[-76.08588,37.02924],[-76.08652,37.02841],[-76.0872,37.02743],[-76.08768,37.02655],[-76.0887,37.02423],[-76.09858,37.00015],[-76.10457,36.98571],[-76.10473,36.98534],[-76.10513,36.98439],[-76.10541,36.98371]]},{"name":"Chesapeake Bay Bridge Tunl","cls":"interstate","points":[[-76.11324,36.96479],[-76.11234,36.9667],[-76.11175,36.96815],[-76.10718,36.97934],[-76.10662,36.98069],[-76.10541,36.98371]]},{"name":"Virginia Beach Blvd","cls":"arterial","points":[[-76.02287,36.84269],[-76.02366,36.8428],[-76.02417,36.84287],[-76.0252,36.84301],[-76.02645,36.84318]]},{"name":"US Hwy 58","cls":"arterial","points":[[-75.98873,36.85742],[-75.99236,36.8566],[-75.99624,36.85445],[-76.00038,36.85337],[-76.00412,36.8527],[-76.01184,36.85135],[-76.01816,36.85139],[-76.02227,36.85083],[-76.03218,36.84887],[-76.03479,36.84767],[-76.03729,36.84582],[-76.04054,36.84432],[-76.04626,36.84219],[-76.04888,36.84172],[-76.05313,36.84196],[-76.05883,36.84108],[-76.06262,36.84144],[-76.06977,36.8441],[-76.07308,36.84413],[-76.08466,36.84245],[-76.0969,36.84067],[-76.10345,36.84001],[-76.10924,36.84025],[-76.11726,36.84305],[-76.12205,36.84346],[-76.12661,36.84352],[-76.13782,36.84369],[-76.14996,36.84387],[-76.1529,36.84435],[-76.16522,36.84936],[-76.17038,36.85145],[-76.17621,36.85383],[-76.17764,36.85436]]},{"name":"Princess Anne Rd","cls":"arterial","points":[[-76.08575,36.77198],[-76.08948,36.77455],[-76.09314,36.77706],[-76.10462,36.78429],[-76.11137,36.78849],[-76.11707,36.79212],[-76.12473,36.797],[-76.12702,36.79836],[-76.12984,36.80023],[-76.13111,36.80132],[-76.13312,36.8046],[-76.13516,36.80817],[-76.13826,36.81071],[-76.14261,36.81384],[-76.14654,36.81678],[-76.15016,36.82106],[-76.15219,36.82327],[-76.1543,36.82454],[-76.15754,36.82515],[-76.16076,36.82552],[-76.16299,36.82603],[-76.16495,36.82724],[-76.16549,36.82753],[-76.16877,36.82896],[-76.17258,36.83018],[-76.17467,36.83111],[-76.17642,36.83243],[-76.17849,36.83527],[-76.18051,36.83838],[-76.18194,36.83971],[-76.18401,36.84056],[-76.18637,36.84131],[-76.18762,36.84212]]},{"name":"Newtown Rd","cls":"arterial","points":[[-76.18762,36.84212],[-76.1871,36.84236],[-76.1865,36.8426],[-76.18608,36.84285],[-76.18581,36.84308],[-76.18574,36.84317],[-76.18501,36.84393],[-76.18471,36.84425],[-76.18459,36.84438],[-76.18438,36.8446],[-76.18412,36.84488],[-76.18387,36.84514],[-76.18359,36.84544],[-76.18337,36.84567],[-76.18306,36.846],[-76.18282,36.84625],[-76.18199,36.84713],[-76.18191,36.84722],[-76.18119,36.84798],[-76.18075,36.84843],[-76.18051,36.84867]]},{"name":"Providence Rd","cls":"arterial","points":[[-76.16549,36.81336],[-76.17071,36.81439],[-76.17446,36.81516],[-76.17547,36.81533],[-76.17673,36.81541],[-76.18057,36.81505],[-76.18362,36.8147],[-76.1858,36.81438],[-76.18699,36.81423],[-76.189,36.81418],[-76.19066,36.81409],[-76.19415,36.81362],[-76.19783,36.81312],[-76.20011,36.81272],[-76.20174,36.81269],[-76.20282,36.81282],[-76.20399,36.81303],[-76.20477,36.81296],[-76.20625,36.81251],[-76.20684,36.81223],[-76.20783,36.81138],[-76.20851,36.81093],[-76.20953,36.81059],[-76.21093,36.81032],[-76.21165,36.81035],[-76.21273,36.81068],[-76.21503,36.81151],[-76.21569,36.81163],[-76.21655,36.8116],[-76.21878,36.81108],[-76.21933,36.81094]]},{"name":"Kempsville Rd","cls":"arterial","points":[[-76.2036,36.76963],[-76.20087,36.77327],[-76.1991,36.77572],[-76.19693,36.77778],[-76.19587,36.77859],[-76.19441,36.77923],[-76.19314,36.77957],[-76.19185,36.78057],[-76.18875,36.7833],[-76.18529,36.78567],[-76.18427,36.78665],[-76.18279,36.78816],[-76.18076,36.79015],[-76.17813,36.79266],[-76.17664,36.79401],[-76.17574,36.79547],[-76.17426,36.7987],[-76.17357,36.8007],[-76.17367,36.80327],[-76.17324,36.80444],[-76.17236,36.80561],[-76.17122,36.80635],[-76.16952,36.80692],[-76.16853,36.80751],[-76.16782,36.80845],[-76.16671,36.81069],[-76.16527,36.81347],[-76.16457,36.81486],[-76.16319,36.81761],[-76.16195,36.82061],[-76.16099,36.82456],[-76.1608,36.82533]]},{"name":"State Rte 166","cls":"arterial","points":[[-76.19312,36.87743],[-76.19018,36.87913],[-76.19004,36.87921],[-76.1895,36.87955],[-76.18895,36.87991],[-76.18886,36.87997],[-76.18836,36.88029],[-76.18808,36.88048],[-76.188,36.88052],[-76.18775,36.88069],[-76.18689,36.88125],[-76.18652,36.88149],[-76.18526,36.8823],[-76.18375,36.88328],[-76.18322,36.88363],[-76.1825,36.88409],[-76.18159,36.88468],[-76.18131,36.8849],[-76.18115,36.88503],[-76.18103,36.88512],[-76.18093,36.88521],[-76.18082,36.88533],[-76.1794,36.88687]]},{"name":"Northampton Blvd","cls":"interstate","points":[[-76.13006,36.90193],[-76.12978,36.9023],[-76.12951,36.90274],[-76.12928,36.90327],[-76.12914,36.90371],[-76.12909,36.90403],[-76.12905,36.90457],[-76.12909,36.90501],[-76.12921,36.90558],[-76.12945,36.90628],[-76.12966,36.90686],[-76.13018,36.90825],[-76.13094,36.91035],[-76.13118,36.91114],[-76.13127,36.91154],[-76.13134,36.91215],[-76.13137,36.91307],[-76.13133,36.91377],[-76.13125,36.91443],[-76.1312,36.91475],[-76.1311,36.9152],[-76.13086,36.91608],[-76.13058,36.91689],[-76.13054,36.91699],[-76.13033,36.91753],[-76.12987,36.91874],[-76.12975,36.91911]]},{"name":"Virginia Beach Blvd","cls":"arterial","points":[[-75.99376,36.84196],[-75.99415,36.84191],[-75.99447,36.84186],[-75.99479,36.84184],[-75.99544,36.84182],[-75.996,36.84187],[-75.99614,36.84187],[-75.9967,36.84188],[-75.9974,36.84194],[-75.9981,36.84194],[-75.99832,36.84194],[-75.99926,36.84199]]},{"name":"Laskin Rd","cls":"arterial","points":[[-75.97926,36.85914],[-75.98021,36.85897],[-75.98118,36.8588],[-75.98201,36.85866],[-75.98303,36.85848],[-75.98326,36.85844],[-75.9841,36.85829],[-75.98413,36.85828],[-75.98442,36.85823],[-75.98452,36.85821],[-75.98473,36.85818],[-75.98481,36.85816],[-75.98488,36.85815],[-75.98498,36.85813],[-75.98525,36.85808],[-75.98548,36.85804],[-75.9861,36.85792],[-75.98672,36.8578],[-75.98726,36.8577],[-75.98735,36.85768],[-75.98767,36.85762],[-75.98873,36.85742]]},{"name":"Atlantic Ave","cls":"arterial","points":[[-75.99256,36.90493],[-75.99265,36.90531],[-75.99285,36.90596],[-75.99291,36.90615],[-75.99314,36.90698],[-75.99318,36.90711],[-75.99323,36.90723],[-75.99329,36.90734],[-75.99332,36.90738],[-75.99336,36.90743],[-75.9934,36.90747],[-75.99345,36.90751],[-75.9935,36.90756],[-75.99357,36.9076],[-75.99359,36.90762],[-75.99372,36.90769]]},{"name":"Va Bch Norfolk Expy","cls":"interstate","points":[[-75.98592,36.84741],[-75.99497,36.84632],[-76.00044,36.84669],[-76.00407,36.84722],[-76.00887,36.84768],[-76.01342,36.84725],[-76.02258,36.84514],[-76.03234,36.84289],[-76.04105,36.84217],[-76.04548,36.84167],[-76.04878,36.84075],[-76.05943,36.837],[-76.06336,36.83597],[-76.06562,36.83586],[-76.07443,36.83694],[-76.08885,36.83876],[-76.09386,36.83872],[-76.0976,36.83817],[-76.10731,36.83522],[-76.11563,36.83256],[-76.11877,36.83224],[-76.12913,36.83312],[-76.13799,36.83389],[-76.15187,36.83516],[-76.15437,36.8358],[-76.15668,36.83684],[-76.16284,36.84056],[-76.16779,36.84348],[-76.17269,36.84522],[-76.17984,36.8459],[-76.18321,36.84584]]},{"name":"State Rte 165","cls":"arterial","points":[[-76.08575,36.77198],[-76.08948,36.77455],[-76.09314,36.77706],[-76.10462,36.78429],[-76.11137,36.78849],[-76.11707,36.79212],[-76.12473,36.797],[-76.12702,36.79836],[-76.12984,36.80023],[-76.13111,36.80132],[-76.13312,36.8046],[-76.13516,36.80817],[-76.13826,36.81071],[-76.14261,36.81384],[-76.14654,36.81678],[-76.15016,36.82106],[-76.15219,36.82327],[-76.1543,36.82454],[-76.15754,36.82515],[-76.16076,36.82552],[-76.16299,36.82603],[-76.16495,36.82724],[-76.16549,36.82753],[-76.16877,36.82896],[-76.17258,36.83018],[-76.17467,36.83111],[-76.17642,36.83243],[-76.17849,36.83527],[-76.18051,36.83838],[-76.18194,36.83971],[-76.18401,36.84056],[-76.18637,36.84131],[-76.18762,36.84212]]},{"name":"State Rte 279","cls":"arterial","points":[[-76.06844,36.91238],[-76.06777,36.91065],[-76.06737,36.90791],[-76.06718,36.9044],[-76.06693,36.90293],[-76.0665,36.90162],[-76.06548,36.89984],[-76.06383,36.89804],[-76.06021,36.89534],[-76.05503,36.89186],[-76.05112,36.8892],[-76.04895,36.88647],[-76.04679,36.88384],[-76.04342,36.88023],[-76.04058,36.87713],[-76.0398,36.87573],[-76.0395,36.87426],[-76.03965,36.87294],[-76.04049,36.87111],[-76.04149,36.86973],[-76.04304,36.8676],[-76.045,36.8649],[-76.04596,36.86251],[-76.04842,36.85458],[-76.04832,36.85223],[-76.04821,36.85109],[-76.04805,36.84568],[-76.04777,36.84372],[-76.0482,36.84196],[-76.04836,36.84152]]},{"name":"Independence Blvd","cls":"arterial","points":[[-76.14702,36.90586],[-76.14705,36.90598]]},{"name":"Providence Rd","cls":"arterial","points":[[-76.21927,36.8108],[-76.2169,36.81138],[-76.21601,36.81152],[-76.2152,36.81143],[-76.21452,36.81121],[-76.21222,36.81037],[-76.21132,36.81021],[-76.2104,36.81027],[-76.20915,36.81055],[-76.20827,36.81092],[-76.2076,36.8114],[-76.20666,36.8122],[-76.20568,36.81258],[-76.20459,36.81287],[-76.20378,36.8129],[-76.20273,36.81269],[-76.20132,36.81257],[-76.20014,36.8126],[-76.19885,36.81282],[-76.19465,36.81342],[-76.19106,36.81393],[-76.18918,36.81408],[-76.18722,36.8141],[-76.186,36.81424],[-76.18369,36.81458],[-76.18193,36.81478],[-76.1779,36.81522],[-76.17616,36.81529],[-76.17479,36.81511],[-76.17172,36.81448],[-76.17015,36.81417],[-76.16572,36.81326],[-76.16555,36.81323]]},{"name":"US Hwy 13","cls":"interstate","points":[[-76.13006,36.90193],[-76.12963,36.90254],[-76.12928,36.90327],[-76.12911,36.90387],[-76.12905,36.90457],[-76.12914,36.90528],[-76.12945,36.90628],[-76.1299,36.90751],[-76.13094,36.91035],[-76.13126,36.9115],[-76.13134,36.91215],[-76.13136,36.91342],[-76.13125,36.91443],[-76.13111,36.91516],[-76.13086,36.91608],[-76.13055,36.91696],[-76.13033,36.91753],[-76.12975,36.91911],[-76.12929,36.92047],[-76.12673,36.92804],[-76.1173,36.95586],[-76.11612,36.95915],[-76.11551,36.96047],[-76.11324,36.96479]]},{"name":"Indian Lakes Blvd","cls":"arterial","points":[[-76.16398,36.78979],[-76.16398,36.78982],[-76.16392,36.79047],[-76.16388,36.79096],[-76.16378,36.79212],[-76.16365,36.79377],[-76.16361,36.79411],[-76.16354,36.79456],[-76.16351,36.79485],[-76.16343,36.79583]]},{"name":"Indian Lakes Blvd","cls":"arterial","points":[[-76.16362,36.79579],[-76.16364,36.79543],[-76.16378,36.79378],[-76.16391,36.79212],[-76.16397,36.79148],[-76.16405,36.7909],[-76.16411,36.79043],[-76.16417,36.78977],[-76.16418,36.78968],[-76.16417,36.78948],[-76.16413,36.78932],[-76.1641,36.78919],[-76.16403,36.78904],[-76.16395,36.7889],[-76.16384,36.78874],[-76.16374,36.78861],[-76.16339,36.78824],[-76.16323,36.7881],[-76.16306,36.78793],[-76.1626,36.78751],[-76.16255,36.78746],[-76.16204,36.78696],[-76.16151,36.78641],[-76.16117,36.78603],[-76.16104,36.78588],[-76.16078,36.78559],[-76.16071,36.78553],[-76.16061,36.78547],[-76.16055,36.78544],[-76.1605,36.78542]]},{"name":"Newtown Rd","cls":"arterial","points":[[-76.18672,36.84237],[-76.18644,36.84249],[-76.18629,36.84257],[-76.18625,36.84259],[-76.18591,36.84284],[-76.18555,36.84319],[-76.1853,36.84344],[-76.18454,36.84429],[-76.18367,36.84514],[-76.18332,36.84551],[-76.18317,36.84568],[-76.18301,36.84584],[-76.18286,36.84601],[-76.18273,36.84615],[-76.18257,36.84631],[-76.18207,36.84687],[-76.182,36.84695],[-76.18188,36.84708],[-76.18144,36.84755],[-76.18135,36.84763],[-76.18066,36.84837]]},{"name":"US Hwy 13","cls":"interstate","points":[[-76.10541,36.98371],[-76.10525,36.98445],[-76.10493,36.98581],[-76.10455,36.98748],[-76.10426,36.98851],[-76.10385,36.98959],[-76.10185,36.99447],[-76.09953,37.00015],[-76.08922,37.02508],[-76.08866,37.02644],[-76.0881,37.02775],[-76.08771,37.02855],[-76.08727,37.02928],[-76.08706,37.02957],[-76.08678,37.02989],[-76.08658,37.03009],[-76.08607,37.03062]]},{"name":"State Rte 165","cls":"arterial","points":[[-76.05866,36.75466],[-76.05876,36.75467],[-76.05924,36.75499],[-76.05989,36.7554],[-76.06082,36.75599],[-76.06094,36.75606],[-76.06114,36.75619],[-76.06262,36.7572]]},{"name":"13th St","cls":"arterial","points":[[-75.98547,36.83951],[-75.98657,36.83932]]},{"name":"Virginia Beach Blvd","cls":"arterial","points":[[-76.02645,36.84318],[-76.0299,36.8437],[-76.03329,36.84396],[-76.03739,36.84422],[-76.04119,36.8435],[-76.0469,36.84197],[-76.04888,36.84172],[-76.05238,36.84201],[-76.05718,36.84132],[-76.06094,36.84106],[-76.06376,36.84189],[-76.06977,36.8441],[-76.07264,36.84419],[-76.07713,36.84354],[-76.08843,36.8419],[-76.09792,36.84053],[-76.10345,36.84001],[-76.10876,36.84016],[-76.11188,36.84113],[-76.11847,36.84334],[-76.12312,36.84347],[-76.12661,36.84352],[-76.13665,36.84367],[-76.1459,36.84381],[-76.15122,36.84394],[-76.15635,36.84575],[-76.16522,36.84936],[-76.16894,36.85087],[-76.17475,36.85324],[-76.17764,36.85436]]},{"name":"State Rte 225","cls":"arterial","points":[[-76.13767,36.83387],[-76.13727,36.83707],[-76.13706,36.83885],[-76.13701,36.84143],[-76.13694,36.84406],[-76.13687,36.8478],[-76.13677,36.85107],[-76.1359,36.85348],[-76.13387,36.85773],[-76.13307,36.86006],[-76.13247,36.86206],[-76.13226,36.8634],[-76.13223,36.86502],[-76.13295,36.86787],[-76.13426,36.87255],[-76.13469,36.87441],[-76.13406,36.87689],[-76.13335,36.87918],[-76.13324,36.88196],[-76.13367,36.88285],[-76.13488,36.88452],[-76.1368,36.88775],[-76.13872,36.89071],[-76.13986,36.89228],[-76.1415,36.89364],[-76.14353,36.89476],[-76.1443,36.89558],[-76.14466,36.89675],[-76.14498,36.89961],[-76.14549,36.90199],[-76.14678,36.90511],[-76.14702,36.90586]]},{"name":"State Rte 225","cls":"arterial","points":[[-76.13751,36.83385],[-76.13706,36.83667],[-76.13679,36.83906],[-76.13672,36.84142],[-76.13665,36.84384],[-76.13655,36.84865],[-76.13651,36.85106],[-76.13584,36.853],[-76.13475,36.85523],[-76.13352,36.85795],[-76.13242,36.86116],[-76.13196,36.86372],[-76.13223,36.86599],[-76.13372,36.87128],[-76.1344,36.87378],[-76.13434,36.87541],[-76.13368,36.8774],[-76.13307,36.87968],[-76.13308,36.88226],[-76.13428,36.88394],[-76.13664,36.88789],[-76.13789,36.88971],[-76.1396,36.89229],[-76.14123,36.8937],[-76.14298,36.89465],[-76.14379,36.89526],[-76.14433,36.89617],[-76.14465,36.89889],[-76.145,36.90104],[-76.14612,36.90411],[-76.14702,36.90586]]},{"name":"I- 264","cls":"interstate","points":[[-75.9862,36.84836],[-75.99218,36.847],[-75.99591,36.84649],[-76.00037,36.8469],[-76.00388,36.8474],[-76.00785,36.84785],[-76.01311,36.84752],[-76.01837,36.84634],[-76.02514,36.84476],[-76.03249,36.84304],[-76.03863,36.84245],[-76.04445,36.84206],[-76.0477,36.8413],[-76.05715,36.838],[-76.06074,36.8368],[-76.06351,36.83616],[-76.06627,36.83613],[-76.08506,36.83853],[-76.09063,36.83904],[-76.0957,36.83871],[-76.10005,36.83777],[-76.10879,36.83498],[-76.11659,36.8326],[-76.12079,36.83262],[-76.138,36.83412],[-76.15094,36.83526],[-76.15296,36.83561],[-76.1556,36.83654],[-76.16138,36.83995],[-76.16838,36.84403],[-76.17253,36.84538],[-76.17639,36.84596],[-76.18306,36.846]]},{"name":"Lynnhaven Pkwy","cls":"arterial","points":[[-76.16419,36.78557],[-76.16036,36.78526],[-76.15274,36.78611],[-76.14406,36.78775],[-76.13776,36.78825],[-76.13068,36.78883],[-76.12616,36.78919],[-76.12277,36.7897],[-76.12055,36.79162],[-76.11745,36.79478],[-76.11582,36.79581],[-76.11396,36.7961],[-76.10949,36.79498],[-76.10628,36.79411],[-76.10465,36.79432],[-76.10082,36.79536],[-76.09854,36.79537],[-76.09339,36.79477],[-76.09153,36.79505],[-76.08914,36.79589],[-76.08757,36.79699],[-76.0867,36.79837],[-76.08523,36.80091],[-76.08214,36.80451],[-76.0802,36.80558],[-76.07496,36.80877],[-76.06833,36.81314],[-76.06713,36.81445],[-76.06683,36.81788],[-76.06725,36.83106],[-76.06731,36.8332],[-76.06691,36.83478],[-76.06604,36.83612]]},{"name":"First Colonial Rd","cls":"arterial","points":[[-76.02105,36.84044],[-76.02126,36.8411],[-76.02107,36.84261],[-76.02063,36.84478],[-76.02058,36.84571],[-76.02119,36.8474],[-76.02168,36.849],[-76.02207,36.85071],[-76.02236,36.852],[-76.02267,36.85315],[-76.02317,36.85384],[-76.02481,36.85531],[-76.02526,36.85605],[-76.027,36.86122],[-76.02767,36.86273],[-76.02902,36.86564],[-76.03011,36.86794],[-76.03084,36.8687],[-76.03199,36.86924],[-76.03331,36.86956],[-76.03432,36.87001],[-76.03513,36.87069],[-76.03657,36.87302],[-76.03733,36.87372],[-76.03824,36.87412],[-76.03919,36.87426],[-76.03967,36.87424]]},{"name":"Princess Anne Rd","cls":"arterial","points":[[-76.02363,36.75793],[-76.02348,36.75806],[-76.0232,36.75827],[-76.02309,36.75834],[-76.02297,36.7584],[-76.02261,36.7586],[-76.02226,36.75878],[-76.02091,36.75949],[-76.01979,36.76008],[-76.01956,36.76021],[-76.01885,36.7606]]},{"name":"State Rte 149","cls":"arterial","points":[[-76.02363,36.75793],[-76.02428,36.75739],[-76.02602,36.75572],[-76.02676,36.75503],[-76.02728,36.75465],[-76.02785,36.75436],[-76.02851,36.75419],[-76.02917,36.75415],[-76.0313,36.75414],[-76.03274,36.754],[-76.03356,36.75399],[-76.03423,36.75411],[-76.0355,36.75457],[-76.03772,36.75536],[-76.03855,36.75556],[-76.03967,36.75566],[-76.04118,36.75572],[-76.04203,36.75564],[-76.04417,36.75529],[-76.04533,36.75498],[-76.04619,36.75477],[-76.04712,36.7547],[-76.04815,36.75468],[-76.05012,36.75476],[-76.05071,36.75473],[-76.05109,36.7546],[-76.052,36.75398],[-76.05259,36.75349],[-76.05315,36.75284],[-76.05355,36.75215],[-76.05376,36.75169]]},{"name":"Independence Blvd","cls":"arterial","points":[[-76.13666,36.84346],[-76.1348,36.84343]]},{"name":"Chesapeake Bay Bridge Tunl","cls":"interstate","points":[[-76.12953,36.91903],[-76.12948,36.9192],[-76.1294,36.91947],[-76.12908,36.92036],[-76.12637,36.92793],[-76.12605,36.9288],[-76.12331,36.93652],[-76.12176,36.94083],[-76.11445,36.96144],[-76.1139,36.96296],[-76.11324,36.96479]]},{"name":"Atlantic Ave","cls":"arterial","points":[[-75.99384,36.90754],[-75.99372,36.90747],[-75.99361,36.90738],[-75.99355,36.90732],[-75.99349,36.90724],[-75.99345,36.90716],[-75.9934,36.90704],[-75.99337,36.90694],[-75.99308,36.90592],[-75.99301,36.90569],[-75.99295,36.90555],[-75.99291,36.90547],[-75.99266,36.90507],[-75.99256,36.90493]]},{"name":"US Hwy 13","cls":"interstate","points":[[-76.11324,36.96479],[-76.11234,36.9667],[-76.11175,36.96815],[-76.10718,36.97934],[-76.10662,36.98069],[-76.10541,36.98371]]},{"name":"State Rte 165","cls":"arterial","points":[[-76.06262,36.7572],[-76.06326,36.75764],[-76.06342,36.75774],[-76.06387,36.75804],[-76.06486,36.75867],[-76.06525,36.75891],[-76.0659,36.75932],[-76.06684,36.75992],[-76.06767,36.76043],[-76.06894,36.76124],[-76.06928,36.76147],[-76.07028,36.76211],[-76.07084,36.76246],[-76.07273,36.76367],[-76.07335,36.76406],[-76.07416,36.76458],[-76.07711,36.76646],[-76.07803,36.76706],[-76.0815,36.76926],[-76.08364,36.77064],[-76.08449,36.77118],[-76.08481,36.77138],[-76.08498,36.77149],[-76.08543,36.77178],[-76.08575,36.77198]]},{"name":"Newtown Rd","cls":"arterial","points":[[-76.17691,36.85697],[-76.17697,36.85672],[-76.17705,36.85645],[-76.17711,36.85621],[-76.17729,36.85557],[-76.17746,36.85494],[-76.17754,36.85471]]},{"name":"State Rte 407","cls":"arterial","points":[[-76.22325,36.81997],[-76.22317,36.81996]]},{"name":"State Rte 190","cls":"arterial","points":[[-76.13212,36.86246],[-76.13879,36.86128],[-76.13998,36.86045],[-76.14235,36.85815],[-76.14519,36.85709],[-76.15041,36.85605],[-76.15271,36.85472],[-76.15431,36.85219],[-76.15557,36.8481],[-76.15697,36.84504],[-76.15843,36.84139],[-76.1596,36.83733],[-76.15977,36.83432],[-76.15961,36.82909],[-76.16087,36.82569],[-76.16202,36.82104],[-76.16374,36.81681],[-76.16639,36.81164],[-76.16874,36.80749],[-76.17153,36.80633],[-76.17351,36.80419],[-76.17373,36.8008],[-76.17589,36.79555],[-76.1774,36.79346],[-76.18145,36.78966],[-76.18536,36.78578],[-76.18932,36.78298],[-76.19291,36.7799],[-76.19513,36.77915],[-76.19726,36.7777],[-76.20143,36.77278],[-76.2037,36.76974]]},{"name":"I- 264","cls":"interstate","points":[[-75.98592,36.84741],[-75.99497,36.84632],[-76.00044,36.84669],[-76.00407,36.84722],[-76.00887,36.84768],[-76.01342,36.84725],[-76.02258,36.84514],[-76.03234,36.84289],[-76.04105,36.84217],[-76.04548,36.84167],[-76.04878,36.84075],[-76.05943,36.837],[-76.06336,36.83597],[-76.06562,36.83586],[-76.07443,36.83694],[-76.08885,36.83876],[-76.09386,36.83872],[-76.0976,36.83817],[-76.10731,36.83522],[-76.11563,36.83256],[-76.11877,36.83224],[-76.12913,36.83312],[-76.13799,36.83389],[-76.15187,36.83516],[-76.15437,36.8358],[-76.15668,36.83684],[-76.16284,36.84056],[-76.16779,36.84348],[-76.17269,36.84522],[-76.17984,36.8459],[-76.18321,36.84584]]},{"name":"US Hwy 60","cls":"arterial","points":[[-75.97103,36.83347],[-75.97164,36.83573],[-75.97243,36.83862],[-75.97324,36.8416],[-75.974,36.84437],[-75.97578,36.84613],[-75.97657,36.84904],[-75.97736,36.85193],[-75.9777,36.85342],[-75.97824,36.85528],[-75.97902,36.85816],[-75.97926,36.85914],[-75.98007,36.86203],[-75.98046,36.86346],[-75.98099,36.8654],[-75.98138,36.86685],[-75.98181,36.86846],[-75.98234,36.87038],[-75.98285,36.87212],[-75.9833,36.87378],[-75.98378,36.87529],[-75.98447,36.87755],[-75.98523,36.87998],[-75.98576,36.88168],[-75.98641,36.8838],[-75.98723,36.88645],[-75.98825,36.88972],[-75.98931,36.89346],[-75.99047,36.89754],[-75.99141,36.90086],[-75.99245,36.90454],[-75.99256,36.90493]]},{"name":"Diamond Springs Rd","cls":"arterial","points":[[-76.17042,36.86515],[-76.17033,36.86683],[-76.17147,36.86925],[-76.17198,36.87124],[-76.17172,36.87406],[-76.17172,36.87677],[-76.17258,36.87894],[-76.17405,36.88068],[-76.17603,36.88239],[-76.17875,36.88594],[-76.18001,36.88781],[-76.18078,36.89054],[-76.18124,36.8935],[-76.18071,36.89653],[-76.17961,36.90344],[-76.17929,36.90509],[-76.17902,36.90558],[-76.1794,36.90356],[-76.18014,36.89866],[-76.18102,36.89426],[-76.18063,36.89077],[-76.18004,36.88824],[-76.17879,36.88628],[-76.17611,36.88266],[-76.17391,36.88073],[-76.17255,36.87916],[-76.17166,36.87716],[-76.17147,36.87518],[-76.17181,36.87103],[-76.17134,36.86931],[-76.17022,36.86697],[-76.17024,36.86525],[-76.17027,36.86512]]},{"name":"Newtown Rd","cls":"arterial","points":[[-76.17691,36.85697],[-76.17687,36.85708],[-76.17681,36.85723],[-76.1767,36.85745],[-76.17652,36.85776],[-76.17599,36.8586],[-76.17578,36.85891],[-76.17556,36.8592],[-76.17529,36.85953],[-76.17513,36.85971],[-76.17487,36.85997],[-76.17456,36.86027],[-76.17381,36.86099],[-76.17285,36.86193],[-76.17246,36.8623],[-76.17218,36.86255],[-76.17178,36.86289],[-76.17152,36.86311],[-76.17139,36.86325],[-76.17118,36.86347],[-76.17116,36.8635],[-76.17105,36.86362],[-76.17099,36.86371],[-76.17085,36.8639],[-76.17064,36.86424],[-76.17051,36.86449],[-76.17041,36.86474],[-76.17029,36.86505],[-76.17027,36.86512]]},{"name":"Independence Blvd","cls":"arterial","points":[[-76.13666,36.84346],[-76.13661,36.84596],[-76.13654,36.84951],[-76.13647,36.85134],[-76.13584,36.853],[-76.13514,36.85444],[-76.1337,36.85745],[-76.13277,36.86012],[-76.13214,36.86234],[-76.13194,36.86389],[-76.13223,36.86599],[-76.13358,36.87082],[-76.13425,36.87317],[-76.13446,36.87469],[-76.13418,36.87585],[-76.13353,36.87781],[-76.13307,36.87968],[-76.133,36.88196],[-76.13347,36.88295],[-76.13573,36.88642],[-76.13724,36.88873],[-76.13871,36.89111],[-76.1396,36.89229],[-76.14086,36.89343],[-76.14219,36.89427],[-76.14352,36.895],[-76.14404,36.89558],[-76.14438,36.89635],[-76.14465,36.89889],[-76.14497,36.90094],[-76.14593,36.90366],[-76.14702,36.90586]]},{"name":"State Rte 225","cls":"arterial","points":[[-76.14702,36.90586],[-76.14705,36.90598]]},{"name":"First Colonial Rd","cls":"arterial","points":[[-76.03968,36.87412],[-76.03853,36.87405],[-76.03778,36.87381],[-76.03714,36.87341],[-76.03675,36.87299],[-76.0355,36.87093],[-76.03486,36.87022],[-76.03405,36.8697],[-76.03307,36.86936],[-76.03161,36.86896],[-76.03083,36.86851],[-76.03024,36.86786],[-76.02902,36.86529],[-76.02789,36.86286],[-76.02713,36.86118],[-76.02555,36.85649],[-76.02509,36.85546],[-76.02459,36.85492],[-76.02339,36.85387],[-76.02289,36.85325],[-76.02266,36.85255],[-76.02229,36.85092],[-76.02216,36.85036],[-76.02192,36.84928],[-76.02167,36.84833],[-76.02094,36.84624],[-76.02075,36.84556],[-76.02079,36.84472],[-76.02117,36.84283],[-76.02129,36.84207],[-76.02138,36.84103],[-76.02116,36.84037]]},{"name":"Atlantic Ave","cls":"arterial","points":[[-75.98207,36.86941],[-75.98226,36.87013],[-75.98247,36.87086],[-75.98273,36.87172],[-75.98303,36.87272],[-75.98324,36.87356],[-75.98338,36.87402],[-75.98365,36.8749],[-75.98392,36.87577],[-75.98435,36.87715],[-75.98475,36.87846],[-75.9851,36.87956],[-75.98536,36.88041],[-75.98562,36.88123],[-75.98589,36.88211],[-75.98628,36.88339],[-75.98654,36.88422],[-75.98693,36.88546],[-75.98754,36.88742],[-75.98816,36.88941],[-75.98844,36.89041],[-75.98903,36.89246],[-75.9896,36.89449],[-75.99017,36.89652],[-75.99076,36.89858],[-75.99123,36.90023],[-75.9917,36.90189],[-75.99227,36.90392],[-75.99256,36.90493]]},{"name":"Princess Anne Rd","cls":"arterial","points":[[-76.01875,36.76047],[-76.01917,36.76023],[-76.02015,36.75975],[-76.02085,36.75939],[-76.02209,36.75874],[-76.02217,36.7587],[-76.02291,36.75833],[-76.02316,36.7582],[-76.02363,36.75793]]},{"name":"State Rte 149","cls":"arterial","points":[[-76.01875,36.76047],[-76.01917,36.76023],[-76.02015,36.75975],[-76.02085,36.75939],[-76.02209,36.75874],[-76.02217,36.7587],[-76.02291,36.75833],[-76.02316,36.7582],[-76.02363,36.75793]]},{"name":"US Hwy 13","cls":"arterial","points":[[-76.21041,36.83291],[-76.21043,36.83232],[-76.21045,36.83134],[-76.21046,36.83067],[-76.21042,36.82951],[-76.21039,36.82835],[-76.21044,36.82609],[-76.21045,36.82534],[-76.21053,36.82452],[-76.2107,36.82379],[-76.2109,36.82319],[-76.21114,36.82265],[-76.21132,36.82232],[-76.21198,36.82117],[-76.21287,36.81963],[-76.21348,36.81865],[-76.21382,36.8181],[-76.21407,36.8177],[-76.21483,36.81637],[-76.21668,36.81322],[-76.2171,36.81249],[-76.21748,36.81186],[-76.21792,36.81113],[-76.21884,36.8097]]},{"name":"State Rte 166","cls":"arterial","points":[[-76.17928,36.88699],[-76.17915,36.8868],[-76.17927,36.88667]]},{"name":"Laskin Rd","cls":"arterial","points":[[-75.98873,36.85742],[-75.98992,36.85728],[-75.99152,36.85693],[-75.99295,36.8563],[-75.99505,36.85498],[-75.99624,36.85445],[-75.99756,36.85399],[-75.99926,36.85363],[-76.00185,36.85314],[-76.00334,36.85284],[-76.00412,36.8527],[-76.00656,36.85227],[-76.01083,36.85153],[-76.01267,36.85126],[-76.01446,36.85125],[-76.01816,36.85139],[-76.01954,36.85132],[-76.02168,36.85094],[-76.0255,36.8502],[-76.0304,36.84923],[-76.03218,36.84887],[-76.03336,36.84848],[-76.03448,36.84789],[-76.03543,36.84717],[-76.03634,36.84648],[-76.03729,36.84582],[-76.03842,36.84518],[-76.03972,36.84462],[-76.04135,36.84405],[-76.04487,36.8427],[-76.04626,36.84219],[-76.04729,36.84189],[-76.04828,36.84174]]},{"name":"Laskin Rd","cls":"arterial","points":[[-76.03938,36.84397],[-76.03476,36.84748],[-76.03437,36.84775],[-76.03342,36.84828],[-76.03247,36.84863],[-76.03036,36.84909],[-76.02783,36.84958],[-76.02678,36.84978],[-76.02544,36.85005],[-76.02223,36.85068],[-76.02072,36.85098],[-76.01962,36.85115],[-76.01845,36.85123],[-76.01546,36.85114],[-76.01379,36.85109],[-76.01261,36.85116],[-76.00861,36.85181],[-76.00664,36.85216],[-76.00464,36.85253],[-76.004,36.85265],[-76.00265,36.85288],[-75.99885,36.85359],[-75.99693,36.85406],[-75.99563,36.85455],[-75.99448,36.85516],[-75.99357,36.85579],[-75.99249,36.85645],[-75.99183,36.85672],[-75.99072,36.85703],[-75.9895,36.85722],[-75.9888,36.85739],[-75.98873,36.85742]]},{"name":"Pembroke Blvd","cls":"arterial","points":[[-76.13896,36.86108],[-76.13881,36.86114],[-76.13874,36.86116],[-76.13858,36.86121],[-76.13811,36.8613],[-76.13751,36.8614],[-76.13609,36.86164],[-76.13569,36.8617],[-76.13459,36.86189],[-76.13421,36.86196],[-76.13401,36.86199],[-76.13343,36.86211],[-76.13298,36.86219],[-76.13243,36.86229],[-76.13214,36.86234]]},{"name":"Chesapeake Bay Bridge Tunl","cls":"interstate","points":[[-76.10541,36.98371],[-76.10525,36.98445],[-76.10493,36.98581],[-76.10455,36.98748],[-76.10426,36.98851],[-76.10385,36.98959],[-76.10185,36.99447],[-76.09953,37.00015],[-76.08922,37.02508],[-76.08866,37.02644],[-76.0881,37.02775],[-76.08771,37.02855],[-76.08727,37.02928],[-76.08706,37.02957],[-76.08678,37.02989],[-76.08658,37.03009],[-76.08607,37.03062]]},{"name":"17th St","cls":"arterial","points":[[-75.97426,36.84534],[-75.97551,36.84512],[-75.97637,36.84497],[-75.97701,36.84486],[-75.97738,36.84481],[-75.9775,36.84479],[-75.97869,36.84458],[-75.97924,36.84449],[-75.98112,36.84416],[-75.98299,36.84383]]},{"name":"Princess Anne Rd","cls":"arterial","points":[[-76.05866,36.75466],[-76.05876,36.75467],[-76.05924,36.75499],[-76.05989,36.7554],[-76.06082,36.75599],[-76.06094,36.75606],[-76.06114,36.75619],[-76.06262,36.7572]]},{"name":"Va Bch Norfolk Expy","cls":"interstate","points":[[-75.9862,36.84836],[-75.99218,36.847],[-75.99591,36.84649],[-76.00037,36.8469],[-76.00388,36.8474],[-76.00785,36.84785],[-76.01311,36.84752],[-76.01837,36.84634],[-76.02514,36.84476],[-76.03249,36.84304],[-76.03863,36.84245],[-76.04445,36.84206],[-76.0477,36.8413],[-76.05715,36.838],[-76.06074,36.8368],[-76.06351,36.83616],[-76.06627,36.83613],[-76.08506,36.83853],[-76.09063,36.83904],[-76.0957,36.83871],[-76.10005,36.83777],[-76.10879,36.83498],[-76.11659,36.8326],[-76.12079,36.83262],[-76.138,36.83412],[-76.15094,36.83526],[-76.15296,36.83561],[-76.1556,36.83654],[-76.16138,36.83995],[-76.16838,36.84403],[-76.17253,36.84538],[-76.17639,36.84596],[-76.18306,36.846]]},{"name":"Northampton Blvd","cls":"arterial","points":[[-76.19301,36.8773],[-76.19191,36.87791],[-76.19001,36.87899],[-76.18673,36.8811],[-76.18319,36.8834],[-76.18117,36.88473],[-76.17967,36.88623],[-76.17882,36.88716],[-76.17632,36.88987],[-76.17567,36.89038],[-76.17513,36.8907],[-76.17459,36.89095],[-76.17388,36.89121],[-76.17319,36.89139],[-76.16676,36.89246],[-76.16556,36.89266],[-76.16363,36.89298],[-76.16227,36.89323],[-76.16137,36.89346],[-76.1596,36.894],[-76.15618,36.89511],[-76.1541,36.89574],[-76.15241,36.89611],[-76.15166,36.89625],[-76.14939,36.8967],[-76.14551,36.89745],[-76.14453,36.89764],[-76.14027,36.89846],[-76.13473,36.8995],[-76.13229,36.9001],[-76.13154,36.90045],[-76.13074,36.90097],[-76.13039,36.90128]]},{"name":"US Hwy 13","cls":"arterial","points":[[-76.19312,36.87743],[-76.18895,36.87991],[-76.188,36.88052],[-76.18526,36.8823],[-76.18159,36.88468],[-76.18093,36.88521],[-76.17896,36.88734],[-76.17644,36.89001],[-76.17544,36.8907],[-76.1749,36.89098],[-76.17415,36.89128],[-76.17194,36.89176],[-76.1656,36.8928],[-76.163,36.89323],[-76.16163,36.89355],[-76.15902,36.89437],[-76.15625,36.89525],[-76.15385,36.89595],[-76.14758,36.8972],[-76.14454,36.89778],[-76.14374,36.89795],[-76.13864,36.89894],[-76.13253,36.90023],[-76.13136,36.90081],[-76.13038,36.9016],[-76.13006,36.90193]]},{"name":"Newtown Rd","cls":"arterial","points":[[-76.177,36.85702],[-76.17691,36.85726],[-76.1768,36.8575],[-76.1767,36.85769],[-76.17662,36.85781],[-76.17609,36.85865],[-76.17592,36.8589],[-76.17574,36.85915],[-76.1755,36.85945],[-76.17536,36.8596],[-76.17525,36.85973],[-76.17467,36.86033],[-76.17393,36.86106],[-76.17276,36.8622],[-76.17257,36.86237],[-76.1723,36.86262],[-76.17193,36.86293],[-76.17164,36.86319],[-76.1715,36.86331],[-76.17132,36.86351],[-76.17116,36.86371],[-76.171,36.86393],[-76.17085,36.86416],[-76.17071,36.86441],[-76.17063,36.86459],[-76.17049,36.86491],[-76.17045,36.86504],[-76.17042,36.86515]]},{"name":"US Hwy 13","cls":"arterial","points":[[-76.2189,36.80988],[-76.21871,36.81023],[-76.21823,36.81105],[-76.21815,36.81123],[-76.2176,36.81218],[-76.2173,36.81269],[-76.21685,36.81348],[-76.21605,36.81482],[-76.21579,36.81525],[-76.21515,36.81633],[-76.2149,36.81675],[-76.2144,36.8176],[-76.21305,36.81988],[-76.21228,36.82115],[-76.21199,36.82163],[-76.21146,36.82254],[-76.21125,36.82295],[-76.21098,36.82366],[-76.21081,36.82435],[-76.21071,36.82499],[-76.21069,36.82534],[-76.21063,36.82835],[-76.21066,36.8295],[-76.2107,36.83054],[-76.21067,36.83211],[-76.21065,36.83287]]},{"name":"Princess Anne Rd","cls":"arterial","points":[[-76.02363,36.75793],[-76.02499,36.7567],[-76.02634,36.75542],[-76.02728,36.75465],[-76.02807,36.75429],[-76.02893,36.75415],[-76.0313,36.75414],[-76.03299,36.75398],[-76.03402,36.75406],[-76.0355,36.75457],[-76.03797,36.75543],[-76.03902,36.75562],[-76.04118,36.75572],[-76.04365,36.7554],[-76.04503,36.75507],[-76.04619,36.75477],[-76.04767,36.75468],[-76.04918,36.75474],[-76.05071,36.75473],[-76.05138,36.75442],[-76.05247,36.75361],[-76.05315,36.75284],[-76.05358,36.75209],[-76.05465,36.75212],[-76.0557,36.75277],[-76.05829,36.75442],[-76.05866,36.75466]]},{"name":"State Rte 165","cls":"arterial","points":[[-76.05866,36.75466],[-76.05869,36.75472],[-76.05988,36.75549],[-76.06036,36.75583],[-76.06083,36.75614],[-76.06103,36.75627],[-76.06127,36.75643],[-76.06146,36.75654],[-76.06169,36.75665],[-76.06192,36.7568],[-76.06219,36.75698],[-76.06262,36.7572]]},{"name":"Lynnhaven Pkwy","cls":"arterial","points":[[-76.17776,36.77694],[-76.17746,36.77724],[-76.1769,36.77781],[-76.17677,36.77793],[-76.1766,36.77813],[-76.17646,36.77833],[-76.17642,36.77839],[-76.17636,36.77849],[-76.17622,36.7788],[-76.17613,36.77901],[-76.17609,36.77908],[-76.17598,36.77928],[-76.1759,36.77939],[-76.17585,36.77946],[-76.17569,36.77967],[-76.1756,36.77978],[-76.17539,36.77999],[-76.17531,36.78006]]},{"name":"Northampton Blvd","cls":"interstate","points":[[-76.12953,36.91903],[-76.13,36.91775],[-76.13018,36.91726],[-76.13041,36.91672],[-76.13092,36.91503],[-76.13108,36.91431],[-76.13114,36.91332],[-76.13113,36.91222],[-76.13102,36.91167],[-76.13064,36.9102],[-76.12966,36.9074],[-76.12937,36.90665],[-76.12902,36.90571],[-76.12887,36.90513],[-76.12883,36.90469],[-76.12884,36.90415],[-76.12891,36.90374],[-76.12908,36.90315],[-76.12932,36.90263],[-76.1296,36.90217],[-76.12997,36.90171],[-76.13039,36.90128]]},{"name":"US Hwy 13","cls":"interstate","points":[[-76.11324,36.96479],[-76.11445,36.96144],[-76.12331,36.93652],[-76.12637,36.92793],[-76.1294,36.91947],[-76.12953,36.91903],[-76.13,36.91775],[-76.13018,36.91726],[-76.13041,36.91672],[-76.13092,36.91503],[-76.13108,36.91431],[-76.13114,36.91332],[-76.13113,36.91222],[-76.13102,36.91167],[-76.13064,36.9102],[-76.12966,36.9074],[-76.12937,36.90665],[-76.12902,36.90571],[-76.12887,36.90513],[-76.12883,36.90469],[-76.12884,36.90415],[-76.12891,36.90374],[-76.12908,36.90315],[-76.12932,36.90263],[-76.1296,36.90217],[-76.12997,36.90171],[-76.13039,36.90128]]},{"name":"Pacific Ave","cls":"arterial","points":[[-75.97551,36.84512],[-75.97578,36.84613],[-75.9763,36.84805],[-75.97657,36.84904],[-75.97683,36.85001],[-75.97736,36.85193],[-75.97751,36.85256],[-75.9777,36.85342],[-75.97796,36.85431],[-75.97824,36.85528],[-75.97857,36.8565],[-75.97902,36.85816],[-75.97914,36.85866],[-75.97926,36.85914],[-75.97981,36.86107],[-75.98007,36.86203],[-75.98024,36.86263],[-75.98046,36.86346],[-75.98073,36.86445],[-75.98099,36.8654],[-75.98112,36.8659],[-75.98138,36.86685],[-75.98163,36.86779],[-75.98181,36.86846],[-75.98207,36.86941]]},{"name":"Lynnhaven Pkwy","cls":"arterial","points":[[-76.17531,36.78006],[-76.17528,36.78011],[-76.17523,36.78016],[-76.17515,36.78022],[-76.17508,36.78027],[-76.17456,36.7806],[-76.17441,36.7807],[-76.17378,36.78108],[-76.17371,36.78111],[-76.17364,36.78115],[-76.17329,36.78136],[-76.17306,36.78146],[-76.17298,36.7815],[-76.17275,36.78158],[-76.17252,36.78164],[-76.17249,36.78165],[-76.17225,36.78172],[-76.17194,36.78182],[-76.17175,36.7819],[-76.17159,36.78198],[-76.17143,36.78208],[-76.17137,36.78213],[-76.17121,36.78225],[-76.17106,36.7824],[-76.17089,36.78259],[-76.17038,36.78318],[-76.17006,36.78354],[-76.1699,36.78368],[-76.16965,36.78387],[-76.16951,36.78399]]},{"name":"Virginia Beach Blvd","cls":"arterial","points":[[-76.01946,36.84242],[-76.02028,36.84239],[-76.02101,36.8424],[-76.0211,36.84241],[-76.02123,36.84242],[-76.0222,36.84255],[-76.02254,36.8426],[-76.02287,36.84269]]},{"name":"Chesapeake Bay Bridge Tunl","cls":"interstate","points":[[-76.08486,37.03036],[-76.08588,37.02924],[-76.08652,37.02841],[-76.0872,37.02743],[-76.08768,37.02655],[-76.0887,37.02423],[-76.09858,37.00015],[-76.10457,36.98571],[-76.10473,36.98534],[-76.10513,36.98439],[-76.10541,36.98371]]},{"name":"Princess Anne Rd","cls":"arterial","points":[[-76.06262,36.7572],[-76.06326,36.75764],[-76.06342,36.75774],[-76.06387,36.75804],[-76.06486,36.75867],[-76.06525,36.75891],[-76.0659,36.75932],[-76.06684,36.75992],[-76.06767,36.76043],[-76.06894,36.76124],[-76.06928,36.76147],[-76.07028,36.76211],[-76.07084,36.76246],[-76.07273,36.76367],[-76.07335,36.76406],[-76.07416,36.76458],[-76.07711,36.76646],[-76.07803,36.76706],[-76.0815,36.76926],[-76.08364,36.77064],[-76.08449,36.77118],[-76.08481,36.77138],[-76.08498,36.77149],[-76.08543,36.77178],[-76.08575,36.77198]]},{"name":"Shore Dr","cls":"arterial","points":[[-76.19258,36.91818],[-76.19257,36.91815],[-76.19255,36.91808],[-76.19253,36.91804],[-76.19251,36.91799],[-76.19245,36.91786],[-76.19228,36.91751],[-76.19189,36.91671],[-76.19176,36.91644],[-76.19103,36.91493],[-76.19023,36.91329],[-76.19007,36.91304],[-76.18994,36.91281],[-76.18981,36.91263],[-76.18957,36.91235],[-76.1892,36.91203],[-76.18859,36.91163],[-76.18701,36.91055],[-76.18601,36.90988],[-76.18576,36.90969],[-76.18551,36.90946],[-76.18515,36.90909],[-76.1847,36.90862],[-76.1844,36.9083],[-76.18414,36.90802],[-76.18377,36.90769],[-76.18346,36.90744],[-76.18311,36.90719],[-76.18277,36.907],[-76.18244,36.90686],[-76.18206,36.90669],[-76.18201,36.90667]]},{"name":"US Hwy 58","cls":"arterial","points":[[-76.17767,36.8542],[-76.1701,36.8511],[-76.1626,36.84805],[-76.15497,36.84494],[-76.15077,36.84368],[-76.14464,36.84358],[-76.13261,36.8434],[-76.12332,36.84326],[-76.11777,36.84298],[-76.11033,36.84034],[-76.10627,36.83984],[-76.09647,36.84052],[-76.08412,36.84231],[-76.07295,36.84393],[-76.06926,36.84377],[-76.06367,36.84162],[-76.06135,36.84085],[-76.05816,36.84094],[-76.05409,36.8416],[-76.04978,36.84156],[-76.04659,36.84186],[-76.04104,36.84312],[-76.0372,36.84562],[-76.03282,36.84852],[-76.02678,36.84978],[-76.02043,36.85103],[-76.01445,36.85112],[-76.00664,36.85216],[-76.00183,36.85303],[-75.99489,36.85493],[-75.99183,36.85672],[-75.98873,36.85742]]},{"name":"Atlantic Ave","cls":"arterial","points":[[-75.97103,36.83347],[-75.97111,36.83378],[-75.97124,36.83425],[-75.97138,36.83477],[-75.97164,36.83573],[-75.97177,36.8362],[-75.9719,36.83669],[-75.97217,36.83765],[-75.97243,36.83862],[-75.97269,36.83958],[-75.97279,36.83994],[-75.97295,36.84055],[-75.97324,36.8416],[-75.97348,36.84249],[-75.97359,36.84288],[-75.97374,36.84344],[-75.974,36.84437],[-75.97426,36.84534]]},{"name":"Shore Dr","cls":"arterial","points":[[-76.09357,36.90769],[-76.09776,36.90796],[-76.10034,36.9081],[-76.10318,36.90789],[-76.10922,36.9074],[-76.11283,36.90705],[-76.11862,36.90592],[-76.12166,36.90531],[-76.12278,36.90509],[-76.1259,36.90446],[-76.12887,36.90388],[-76.13035,36.90379],[-76.13224,36.90399],[-76.13829,36.90483],[-76.14219,36.90534],[-76.15061,36.90646],[-76.15501,36.90704],[-76.1615,36.90706],[-76.16345,36.90702],[-76.16694,36.90712],[-76.16901,36.90731],[-76.17033,36.90731],[-76.17263,36.90682],[-76.17786,36.90565],[-76.17943,36.90579],[-76.18116,36.90632],[-76.18201,36.90667]]},{"name":"US Hwy 60","cls":"arterial","points":[[-75.99256,36.90493],[-75.9934,36.90747],[-75.99433,36.90783],[-75.99731,36.90747],[-76.00061,36.90866],[-76.02137,36.91971],[-76.03886,36.92008],[-76.04258,36.92133],[-76.0457,36.92111],[-76.05348,36.91734],[-76.0593,36.91472],[-76.06688,36.91277],[-76.07081,36.91157],[-76.07436,36.91085],[-76.08165,36.90975],[-76.08462,36.90824],[-76.08719,36.90743],[-76.09357,36.90769],[-76.10034,36.9081],[-76.10922,36.9074],[-76.11862,36.90592],[-76.12278,36.90509],[-76.12887,36.90388],[-76.13224,36.90399],[-76.14219,36.90534],[-76.15501,36.90704],[-76.16345,36.90702],[-76.16901,36.90731],[-76.17263,36.90682],[-76.17943,36.90579],[-76.18201,36.90667]]},{"name":"State Rte 166","cls":"arterial","points":[[-76.17928,36.88699],[-76.17973,36.88765],[-76.18011,36.88843],[-76.18039,36.88954],[-76.18063,36.89077],[-76.18104,36.89335],[-76.18106,36.89398],[-76.18069,36.89571],[-76.18037,36.89741],[-76.17999,36.89975],[-76.17951,36.90289],[-76.1794,36.90356],[-76.17926,36.90438],[-76.17908,36.90528],[-76.17906,36.90573],[-76.17922,36.90547],[-76.17942,36.9044],[-76.17956,36.90384],[-76.17961,36.90344],[-76.1803,36.89913],[-76.18068,36.89669],[-76.18104,36.89506],[-76.18123,36.89404],[-76.18121,36.89318],[-76.18102,36.89195],[-76.18078,36.89054],[-76.18042,36.88885],[-76.18009,36.88794],[-76.17964,36.8872],[-76.1794,36.88687]]},{"name":"Indian River Rd","cls":"arterial","points":[[-76.16395,36.7889],[-76.16505,36.79006],[-76.16959,36.79343],[-76.17068,36.79441],[-76.17131,36.79519],[-76.17247,36.79572],[-76.17377,36.79672],[-76.17531,36.79772],[-76.17727,36.79876],[-76.18176,36.80095],[-76.18441,36.80227],[-76.18628,36.80312],[-76.18731,36.80359],[-76.19138,36.80551],[-76.19396,36.80677],[-76.19571,36.80763],[-76.19878,36.80914],[-76.20051,36.80997],[-76.20233,36.81091],[-76.20493,36.81217],[-76.20582,36.81266],[-76.20733,36.81361],[-76.21042,36.8156],[-76.21263,36.81705],[-76.21364,36.81759],[-76.21457,36.81777],[-76.21604,36.81788],[-76.22031,36.81912],[-76.22325,36.81997]]},{"name":"Virginia Beach Blvd","cls":"arterial","points":[[-75.97426,36.84534],[-75.97551,36.84512],[-75.97637,36.84497],[-75.97701,36.84486],[-75.97738,36.84481],[-75.9775,36.84479],[-75.97869,36.84458],[-75.97924,36.84449],[-75.98112,36.84416],[-75.98299,36.84383],[-75.98483,36.84351],[-75.98674,36.84317],[-75.9871,36.84311],[-75.98754,36.84303],[-75.98799,36.84295],[-75.98835,36.84289],[-75.98864,36.84284],[-75.98879,36.84281],[-75.98898,36.84278],[-75.98915,36.84275],[-75.99015,36.84257],[-75.9905,36.84251],[-75.99095,36.84243],[-75.99195,36.84226],[-75.99297,36.8421],[-75.99332,36.84204],[-75.99376,36.84196]]},{"name":"State Rte 403","cls":"arterial","points":[[-76.17947,36.84968],[-76.18066,36.84837],[-76.18135,36.84763],[-76.18144,36.84755],[-76.18188,36.84708],[-76.182,36.84695],[-76.18207,36.84687],[-76.18257,36.84631],[-76.18273,36.84615],[-76.18286,36.84601],[-76.18301,36.84584],[-76.18317,36.84568],[-76.18332,36.84551],[-76.18367,36.84514],[-76.18454,36.84429],[-76.1853,36.84344],[-76.18555,36.84319],[-76.18591,36.84284],[-76.18625,36.84259],[-76.18629,36.84257],[-76.18644,36.84249],[-76.18672,36.84237],[-76.18726,36.84215],[-76.18751,36.84204],[-76.18765,36.84196]]},{"name":"Virginia Beach Blvd","cls":"arterial","points":[[-75.99926,36.84199],[-75.99975,36.84205],[-76.00041,36.84216],[-76.00232,36.84253],[-76.00248,36.84256],[-76.00316,36.84264],[-76.00448,36.84269],[-76.0059,36.84271],[-76.00681,36.84272],[-76.00768,36.84273],[-76.00881,36.84274],[-76.00934,36.84275],[-76.01203,36.84278],[-76.01316,36.84279],[-76.01505,36.84281],[-76.0153,36.84278],[-76.01668,36.8425],[-76.01729,36.84241],[-76.01777,36.8424],[-76.01946,36.84242]]},{"name":"Pembroke Blvd","cls":"arterial","points":[[-76.13212,36.86246],[-76.13241,36.8624],[-76.13299,36.8623],[-76.13404,36.86212],[-76.13573,36.86184],[-76.13612,36.86177],[-76.13754,36.86153],[-76.13842,36.86138]]},{"name":"I- 64","cls":"interstate","points":[[-76.19543,36.82983],[-76.19534,36.82897],[-76.19524,36.828],[-76.19511,36.82671],[-76.19484,36.8241],[-76.19476,36.82305],[-76.19465,36.82044],[-76.19464,36.81926],[-76.19464,36.81756],[-76.19465,36.81356],[-76.19464,36.81159],[-76.19469,36.81066],[-76.19478,36.80987],[-76.19508,36.80845],[-76.19529,36.80773],[-76.19538,36.80747],[-76.19554,36.80705],[-76.19592,36.80616],[-76.19623,36.80554],[-76.1969,36.80441],[-76.19737,36.80376],[-76.19789,36.80309],[-76.19925,36.80164],[-76.19969,36.80123],[-76.20081,36.80031],[-76.20175,36.79965],[-76.20308,36.79885],[-76.20386,36.79844],[-76.21097,36.79506],[-76.21288,36.79417]]},{"name":"Indian River Rd","cls":"arterial","points":[[-76.1605,36.78542],[-76.16052,36.7855],[-76.16057,36.7856],[-76.16063,36.7857],[-76.16164,36.78685],[-76.16185,36.78705],[-76.16244,36.7876],[-76.16302,36.78812],[-76.16308,36.78817],[-76.16336,36.78845],[-76.16366,36.78878],[-76.16379,36.78897],[-76.16386,36.78909],[-76.16392,36.78924],[-76.16396,36.78938],[-76.16398,36.7895],[-76.16398,36.78967],[-76.16398,36.78979]]},{"name":"Virginia Beach Blvd","cls":"arterial","points":[[-76.01946,36.84242],[-76.01982,36.84246],[-76.02042,36.8425],[-76.02108,36.84249],[-76.02116,36.8425],[-76.02122,36.8425],[-76.02148,36.84255],[-76.02206,36.84264],[-76.02251,36.84267],[-76.02287,36.84269]]},{"name":"83rd St","cls":"arterial","points":[[-75.99372,36.90769],[-75.99376,36.90772],[-75.9939,36.90777],[-75.99405,36.9078],[-75.9942,36.90783],[-75.99433,36.90783],[-75.99449,36.90783],[-75.99466,36.9078],[-75.99544,36.90766]]},{"name":"State Rte 166","cls":"arterial","points":[[-76.1794,36.88687],[-76.17927,36.88667]]},{"name":"Lynnhaven Pkwy","cls":"arterial","points":[[-76.19395,36.7682],[-76.19403,36.76815],[-76.19413,36.76806],[-76.19436,36.76788],[-76.19447,36.76778],[-76.19458,36.76768],[-76.19484,36.76742],[-76.19519,36.76699],[-76.19525,36.76692]]},{"name":"US Hwy 60","cls":"arterial","points":[[-75.97103,36.83347],[-75.97103,36.83326],[-75.97103,36.83294],[-75.97104,36.83279],[-75.97103,36.83264],[-75.97108,36.83237],[-75.97112,36.83222],[-75.97123,36.83199],[-75.9714,36.83175],[-75.97159,36.83152],[-75.97164,36.8313],[-75.97158,36.83113],[-75.9713,36.83087],[-75.97089,36.83052],[-75.97063,36.83033],[-75.97043,36.83034],[-75.97031,36.83041],[-75.97025,36.83059],[-75.9704,36.83121],[-75.97072,36.83235],[-75.97103,36.83347]]},{"name":"John A Lesner Brg","cls":"arterial","points":[[-76.09344,36.90757],[-76.09156,36.90746],[-76.09086,36.90741],[-76.09049,36.90739]]},{"name":"US Hwy 60","cls":"arterial","points":[[-76.19258,36.91818],[-76.19257,36.91815],[-76.19255,36.91808],[-76.19253,36.91804],[-76.19251,36.91799],[-76.19245,36.91786],[-76.19228,36.91751],[-76.19189,36.91671],[-76.19176,36.91644],[-76.19103,36.91493],[-76.19023,36.91329],[-76.19007,36.91304],[-76.18994,36.91281],[-76.18981,36.91263],[-76.18957,36.91235],[-76.1892,36.91203],[-76.18859,36.91163],[-76.18701,36.91055],[-76.18601,36.90988],[-76.18576,36.90969],[-76.18551,36.90946],[-76.18515,36.90909],[-76.1847,36.90862],[-76.1844,36.9083],[-76.18414,36.90802],[-76.18377,36.90769],[-76.18346,36.90744],[-76.18311,36.90719],[-76.18277,36.907],[-76.18244,36.90686],[-76.18206,36.90669],[-76.18201,36.90667]]},{"name":"Mathis Pl","cls":"arterial","points":[[-76.16762,36.86593],[-76.16804,36.86595]]}],"water_areas":[{"name":"Atlantic Ocean","rings":[[[-76.00271,36.92804],[-75.97559,37.00735],[-75.94662,37.00015],[-75.94648,37.00015],[-75.91402,36.88922],[-75.88737,36.79115],[-75.87465,36.7443],[-75.84981,36.69078],[-75.82362,36.6323],[-75.85435,36.55028],[-75.87473,36.5833],[-75.88862,36.62513],[-75.90478,36.65832],[-75.91942,36.68695],[-75.92175,36.69205],[-75.92785,36.70639],[-75.93325,36.72025],[-75.94385,36.74735],[-75.96282,36.80334],[-75.96625,36.81565],[-75.96864,36.82732],[-75.9687,36.82865],[-75.96913,36.82949],[-75.96937,36.83204],[-75.97151,36.8413],[-75.97406,36.84981],[-75.97539,36.85404],[-75.97615,36.85705],[-75.97689,36.85955],[-75.97835,36.86476],[-75.97885,36.86685],[-75.97955,36.86865],[-75.98095,36.87345],[-75.98486,36.88716],[-75.98561,36.8901],[-75.98878,36.90364],[-75.99154,36.91472],[-75.99399,36.91937],[-76.00312,36.92683],[-76.00271,36.92804]]]},{"name":"Chesapeake Bay","rings":[[[-76.18116,36.93315],[-76.17727,36.94957],[-76.13875,37.03087],[-76.08615,37.03063],[-76.08231,37.02984],[-75.99976,36.9367],[-76.01183,36.93021],[-76.0149,36.9306],[-76.01829,36.93066],[-76.02075,36.93109],[-76.02568,36.93182],[-76.02712,36.93165],[-76.03064,36.93201],[-76.03926,36.93101],[-76.04704,36.9253],[-76.05418,36.91903],[-76.05945,36.91655],[-76.06255,36.91575],[-76.07805,36.91294],[-76.08232,36.91198],[-76.08404,36.91157],[-76.08732,36.91012],[-76.09012,36.90795],[-76.0914,36.90711],[-76.09357,36.90769],[-76.09965,36.90999],[-76.11788,36.91527],[-76.1242,36.91713],[-76.12851,36.91873],[-76.13147,36.91958],[-76.13515,36.92111],[-76.13803,36.92227],[-76.14026,36.92302],[-76.14558,36.92376],[-76.15006,36.92476],[-76.15939,36.92677],[-76.16033,36.92637],[-76.16894,36.92829],[-76.17259,36.92932],[-76.18143,36.93177],[-76.18116,36.93315]],[[-76.11421,36.96312],[-76.11407,36.96302],[-76.1139,36.96296],[-76.11371,36.9629],[-76.11365,36.96291],[-76.11352,36.96311],[-76.11204,36.96633],[-76.11205,36.96651],[-76.11234,36.9667],[-76.11273,36.96672],[-76.11297,36.96651],[-76.11424,36.96321],[-76.11421,36.96312]],[[-76.10694,36.98085],[-76.10664,36.98069],[-76.10662,36.98069],[-76.10633,36.9806],[-76.10619,36.98066],[-76.10606,36.98083],[-76.10488,36.98403],[-76.10485,36.98418],[-76.1049,36.98428],[-76.10513,36.98439],[-76.10525,36.98445],[-76.10543,36.98447],[-76.10549,36.98433],[-76.10696,36.98107],[-76.10694,36.98085]]]},{"name":"Back Bay","rings":[[[-75.9939,36.56632],[-75.98286,36.5846],[-75.98591,36.61304],[-75.99305,36.63566],[-75.97732,36.64793],[-75.98186,36.65581],[-75.97458,36.65769],[-75.97514,36.66119],[-75.97403,36.67294],[-75.96769,36.69592],[-75.96629,36.69568],[-75.95774,36.6989],[-75.93019,36.6801],[-75.94063,36.67102],[-75.94148,36.66044],[-75.93852,36.65679],[-75.94883,36.64963],[-75.9447,36.636],[-75.93392,36.63334],[-75.93284,36.6308],[-75.93023,36.62308],[-75.90795,36.63045],[-75.90657,36.62773],[-75.90034,36.61948],[-75.89325,36.6031],[-75.88791,36.59279],[-75.89442,36.58414],[-75.88615,36.57144],[-75.88459,36.56345],[-75.89368,36.56618],[-75.89992,36.56867],[-75.89921,36.56368],[-75.89584,36.56113],[-75.90068,36.55965],[-75.89513,36.55565],[-75.89244,36.55399],[-75.92271,36.55361],[-75.93379,36.56005],[-75.95428,36.55083],[-75.96194,36.55694],[-75.9939,36.56632]],[[-75.98273,36.56098],[-75.98024,36.55988],[-75.98041,36.56161],[-75.98,36.56156],[-75.97846,36.56054],[-75.97691,36.56003],[-75.97687,36.5605],[-75.97619,36.56164],[-75.97654,36.5604],[-75.97678,36.55874],[-75.97519,36.55911],[-75.97416,36.55958],[-75.97269,36.56032],[-75.97173,36.55963],[-75.97233,36.55876],[-75.9723,36.55985],[-75.97389,36.55957],[-75.97411,36.55895],[-75.9761,36.55826],[-75.97514,36.5572],[-75.96921,36.55761],[-75.96731,36.56231],[-75.96828,36.56406],[-75.96884,36.56569],[-75.9677,36.56438],[-75.96545,36.56375],[-75.96394,36.56508],[-75.96346,36.56825],[-75.96638,36.56904],[-75.96792,36.57101],[-75.97132,36.57039],[-75.97313,36.569],[-75.97591,36.56839],[-75.97486,36.56614],[-75.97403,36.56385],[-75.97649,36.56365],[-75.97943,36.56383],[-75.98098,36.5656],[-75.98225,36.56375],[-75.98273,36.56098]],[[-75.94887,36.6325],[-75.94792,36.63222],[-75.94686,36.63088],[-75.94588,36.62969],[-75.94382,36.62857],[-75.9427,36.62792],[-75.94315,36.62697],[-75.94418,36.62752],[-75.94329,36.62659],[-75.94231,36.62586],[-75.9412,36.62541],[-75.94027,36.62537],[-75.93906,36.62537],[-75.93867,36.62644],[-75.93706,36.62524],[-75.93606,36.62637],[-75.93674,36.62707],[-75.93654,36.62872],[-75.93587,36.62848],[-75.93419,36.62838],[-75.93425,36.62865],[-75.93616,36.62895],[-75.93564,36.63029],[-75.93615,36.62949],[-75.9366,36.63012],[-75.93855,36.6294],[-75.93971,36.62942],[-75.9413,36.62935],[-75.94184,36.63005],[-75.94032,36.63018],[-75.94122,36.63149],[-75.94241,36.63169],[-75.94349,36.63048],[-75.94472,36.63158],[-75.9464,36.63218],[-75.944,36.63161],[-75.94547,36.63254],[-75.94694,36.63291],[-75.94887,36.6325]],[[-75.96791,36.65795],[-75.96721,36.65696],[-75.96649,36.65638],[-75.96521,36.65677],[-75.96391,36.65549],[-75.96249,36.65388],[-75.96331,36.65241],[-75.96212,36.65263],[-75.96022,36.65368],[-75.95772,36.65338],[-75.95928,36.65453],[-75.96068,36.65435],[-75.96097,36.65511],[-75.95978,36.65584],[-75.95898,36.65611],[-75.95767,36.65503],[-75.95773,36.65619],[-75.95857,36.65719],[-75.96024,36.65794],[-75.96122,36.65696],[-75.96181,36.65744],[-75.96268,36.6569],[-75.96401,36.65654],[-75.96228,36.65784],[-75.96241,36.65929],[-75.96316,36.66016],[-75.96461,36.661],[-75.96436,36.66229],[-75.96351,36.66195],[-75.96493,36.66289],[-75.96633,36.66403],[-75.96677,36.66383],[-75.96748,36.6619],[-75.96669,36.66034],[-75.96603,36.65966],[-75.96512,36.65901],[-75.96648,36.66018],[-75.96742,36.65893],[-75.96791,36.65795]],[[-75.95225,36.65819],[-75.9516,36.65734],[-75.95105,36.65699],[-75.95136,36.65622],[-75.95078,36.65575],[-75.94887,36.65508],[-75.94788,36.65394],[-75.94738,36.65308],[-75.94673,36.65383],[-75.94715,36.65459],[-75.94685,36.65561],[-75.94555,36.65668],[-75.94647,36.65681],[-75.94763,36.65546],[-75.94972,36.656],[-75.94989,36.65703],[-75.94825,36.65805],[-75.94669,36.65893],[-75.94628,36.65955],[-75.94708,36.66105],[-75.94862,36.66157],[-75.94868,36.66325],[-75.94702,36.66478],[-75.94674,36.66588],[-75.94744,36.66565],[-75.94813,36.6645],[-75.94994,36.66406],[-75.94966,36.66262],[-75.94963,36.66135],[-75.9494,36.65975],[-75.94872,36.65985],[-75.94784,36.6591],[-75.94843,36.65846],[-75.95002,36.65848],[-75.9502,36.6592],[-75.95118,36.6602],[-75.95169,36.659],[-75.95225,36.65819]],[[-75.96771,36.69036],[-75.96584,36.68948],[-75.96435,36.69073],[-75.96349,36.69047],[-75.96209,36.69063],[-75.96072,36.69018],[-75.96049,36.68963],[-75.95862,36.69013],[-75.95665,36.69131],[-75.95566,36.69266],[-75.9578,36.6926],[-75.95902,36.69337],[-75.95993,36.69397],[-75.96077,36.69422],[-75.96096,36.69393],[-75.96185,36.69425],[-75.96269,36.69356],[-75.96252,36.69292],[-75.9615,36.69301],[-75.96112,36.69235],[-75.96057,36.69181],[-75.95932,36.69206],[-75.95987,36.69101],[-75.96077,36.6915],[-75.96176,36.69128],[-75.96214,36.69197],[-75.96255,36.69273],[-75.96315,36.69253],[-75.96354,36.69203],[-75.96361,36.69151],[-75.96364,36.69071],[-75.9642,36.69126],[-75.96424,36.69175],[-75.96425,36.69247],[-75.96359,36.6922],[-75.96385,36.69275],[-75.96527,36.69255],[-75.96602,36.69242],[-75.9668,36.69182],[-75.96771,36.69036]],[[-75.95992,36.66016],[-75.95838,36.66029],[-75.95767,36.6598],[-75.95713,36.65846],[-75.95715,36.65911],[-75.95569,36.66003],[-75.95484,36.66043],[-75.95463,36.66085],[-75.9555,36.66198],[-75.95543,36.66284],[-75.95489,36.66374],[-75.95467,36.6643],[-75.95452,36.6632],[-75.95346,36.66298],[-75.95277,36.66265],[-75.95214,36.66267],[-75.9528,36.66399],[-75.95349,36.6643],[-75.9534,36.66515],[-75.95367,36.66582],[-75.95468,36.6659],[-75.95503,36.66661],[-75.95554,36.66671],[-75.95589,36.66689],[-75.95783,36.66594],[-75.95898,36.66694],[-75.95935,36.66724],[-75.95965,36.66545],[-75.95895,36.66549],[-75.95873,36.66445],[-75.95778,36.66405],[-75.9571,36.66468],[-75.95689,36.66398],[-75.95714,36.66369],[-75.95773,36.66309],[-75.95689,36.66245],[-75.95644,36.6619],[-75.95762,36.66165],[-75.95769,36.66084],[-75.9593,36.66074],[-75.95992,36.66016]],[[-75.96392,36.67108],[-75.96275,36.67073],[-75.96262,36.67004],[-75.96224,36.66904],[-75.96169,36.66879],[-75.96118,36.66858],[-75.96027,36.66831],[-75.95957,36.6689],[-75.95957,36.66951],[-75.9587,36.66913],[-75.95915,36.66813],[-75.95825,36.6684],[-75.95679,36.66896],[-75.95647,36.66971],[-75.95678,36.6701],[-75.95731,36.67078],[-75.9575,36.67178],[-75.95829,36.67121],[-75.95729,36.67051],[-75.95825,36.66995],[-75.9596,36.67013],[-75.96005,36.67075],[-75.96077,36.67078],[-75.96135,36.67114],[-75.96169,36.67168],[-75.96166,36.67254],[-75.96015,36.6738],[-75.95885,36.67353],[-75.95952,36.67451],[-75.96059,36.6743],[-75.96167,36.67413],[-75.96212,36.67321],[-75.96258,36.67218],[-75.96323,36.67181],[-75.96379,36.67148],[-75.96392,36.67108]],[[-75.92425,36.60023],[-75.92393,36.59993],[-75.9233,36.5992],[-75.92303,36.59793],[-75.92295,36.59665],[-75.92343,36.59525],[-75.92343,36.5946],[-75.92263,36.5948],[-75.92213,36.59565],[-75.9214,36.5965],[-75.92018,36.59729],[-75.9186,36.59785],[-75.9185,36.59795],[-75.91875,36.59823],[-75.91868,36.59865],[-75.9193,36.59823],[-75.91985,36.59848],[-75.91933,36.5991],[-75.91925,36.59965],[-75.92018,36.6002],[-75.9215,36.60078],[-75.9225,36.6013],[-75.92335,36.60203],[-75.92395,36.60205],[-75.92395,36.60133],[-75.92418,36.60035],[-75.92425,36.60023]],[[-75.95583,36.56031],[-75.95556,36.55981],[-75.95548,36.55924],[-75.95558,36.55861],[-75.95541,36.55801],[-75.95494,36.55776],[-75.9542,36.55771],[-75.95381,36.55779],[-75.95386,36.55811],[-75.95378,36.55854],[-75.95371,36.5593],[-75.95384,36.55998],[-75.95354,36.56051],[-75.95259,36.56084],[-75.95173,36.56073],[-75.95125,36.56018],[-75.95039,36.56028],[-75.94974,36.56058],[-75.94921,36.56109],[-75.94901,36.56164],[-75.94949,36.56174],[-75.94994,36.56158],[-75.95039,36.56148],[-75.95089,36.56131],[-75.95108,36.56161],[-75.95174,36.5618],[-75.95239,36.56181],[-75.95295,36.56181],[-75.95363,36.56166],[-75.95425,36.56135],[-75.95474,36.5612],[-75.95535,36.56098],[-75.95574,36.56063],[-75.95583,36.56031]],[[-75.96775,36.66915],[-75.96757,36.66856],[-75.96761,36.66774],[-75.96748,36.66661],[-75.96764,36.66604],[-75.96699,36.66605],[-75.96619,36.66629],[-75.9655,36.66689],[-75.96485,36.66726],[-75.96487,36.66778],[-75.96457,36.6683],[-75.96398,36.66874],[-75.96317,36.66874],[-75.96264,36.66936],[-75.96304,36.66989],[-75.96295,36.67039],[-75.96343,36.67026],[-75.96409,36.67036],[-75.96467,36.67001],[-75.96512,36.66953],[-75.96554,36.66961],[-75.96588,36.66941],[-75.96649,36.66956],[-75.96644,36.66908],[-75.96654,36.66869],[-75.96644,36.66829],[-75.96637,36.66784],[-75.9665,36.66743],[-75.96717,36.66808],[-75.96735,36.66873],[-75.96737,36.66931],[-75.96775,36.66915]],[[-75.90991,36.55868],[-75.90976,36.55838],[-75.90971,36.55806],[-75.90953,36.55748],[-75.90948,36.55691],[-75.90941,36.55669],[-75.90935,36.55654],[-75.90923,36.55628],[-75.90914,36.55604],[-75.90906,36.55556],[-75.90871,36.55514],[-75.90853,36.5549],[-75.90824,36.5546],[-75.90808,36.55439],[-75.90765,36.55403],[-75.90733,36.55396],[-75.90698,36.55365],[-75.90668,36.55348],[-75.90614,36.55347],[-75.90589,36.55394],[-75.90609,36.55424],[-75.90639,36.55456],[-75.90668,36.55475],[-75.90706,36.55513],[-75.90721,36.55533],[-75.90743,36.5556],[-75.90763,36.55595],[-75.90795,36.55613],[-75.9082,36.55646],[-75.90853,36.55686],[-75.90868,36.5572],[-75.90884,36.55752],[-75.90898,36.5578],[-75.90909,36.55819],[-75.90928,36.55838],[-75.90971,36.55856],[-75.90975,36.55879],[-75.90992,36.55868],[-75.90991,36.55868]]]},{"name":"N Landing Riv","rings":[[[-76.08091,36.64453],[-76.0763,36.64442],[-76.0757,36.64067],[-76.07125,36.63744],[-76.06794,36.63873],[-76.07038,36.64268],[-76.06812,36.64192],[-76.06465,36.64679],[-76.06311,36.65986],[-76.06486,36.67117],[-76.06795,36.67633],[-76.05823,36.64799],[-76.05191,36.63197],[-76.04983,36.61078],[-76.05326,36.60295],[-76.04832,36.60374],[-76.05348,36.60024],[-76.05827,36.59823],[-76.04732,36.59518],[-76.03712,36.58049],[-76.02169,36.56903],[-76.00939,36.55854],[-76.0332,36.55557],[-76.04518,36.56401],[-76.04519,36.57239],[-76.05166,36.58389],[-76.05495,36.60989],[-76.05789,36.62059],[-76.0569,36.62493],[-76.0602,36.62688],[-76.06196,36.62728],[-76.06324,36.62972],[-76.06637,36.62938],[-76.06373,36.63347],[-76.0687,36.63748],[-76.07221,36.63497],[-76.07205,36.63874],[-76.07726,36.63512],[-76.07776,36.63929],[-76.07598,36.64192],[-76.08091,36.64453]],[[-76.06666,36.63554],[-76.0651,36.63485],[-76.06373,36.63489],[-76.06418,36.6318],[-76.06245,36.63109],[-76.06176,36.6308],[-76.06087,36.62984],[-76.06002,36.62864],[-76.05881,36.62949],[-76.05763,36.6301],[-76.05668,36.63043],[-76.05621,36.6296],[-76.05771,36.62912],[-76.05731,36.62785],[-76.05727,36.62737],[-76.05798,36.62677],[-76.05919,36.6269],[-76.05901,36.62577],[-76.05697,36.62572],[-76.05636,36.62592],[-76.05483,36.62403],[-76.05215,36.62494],[-76.05373,36.62679],[-76.05476,36.62917],[-76.0539,36.63255],[-76.05574,36.6343],[-76.0595,36.63372],[-76.05899,36.63193],[-76.06105,36.63204],[-76.05975,36.63239],[-76.06037,36.63467],[-76.06055,36.63587],[-76.05984,36.63737],[-76.05772,36.64001],[-76.06161,36.64213],[-76.06274,36.64037],[-76.0636,36.6397],[-76.06584,36.63935],[-76.06584,36.63765],[-76.06578,36.63685],[-76.06666,36.63554]],[[-76.05467,36.60724],[-76.05365,36.607],[-76.05293,36.60674],[-76.05246,36.60659],[-76.05219,36.60645],[-76.05132,36.60606],[-76.05067,36.60583],[-76.05017,36.60559],[-76.04912,36.60532],[-76.04935,36.60561],[-76.04919,36.60602],[-76.04978,36.60609],[-76.04962,36.60613],[-76.0499,36.60654],[-76.05057,36.60635],[-76.05086,36.60653],[-76.05134,36.60679],[-76.05067,36.6067],[-76.05011,36.6067],[-76.05027,36.60709],[-76.04987,36.60692],[-76.04941,36.60677],[-76.04916,36.60723],[-76.04915,36.60685],[-76.04894,36.60615],[-76.04899,36.60569],[-76.04815,36.60579],[-76.04804,36.6064],[-76.0486,36.60733],[-76.04925,36.60789],[-76.04959,36.60852],[-76.0502,36.60869],[-76.05089,36.6092],[-76.05145,36.60958],[-76.05164,36.60998],[-76.05229,36.60995],[-76.05295,36.60909],[-76.05378,36.60833],[-76.05435,36.6078],[-76.05467,36.60724]],[[-76.05648,36.62056],[-76.0564,36.62032],[-76.05591,36.61968],[-76.0554,36.61992],[-76.05521,36.61959],[-76.05443,36.61982],[-76.05398,36.62033],[-76.05325,36.62011],[-76.05277,36.61982],[-76.0533,36.61975],[-76.05395,36.61974],[-76.05333,36.6194],[-76.05381,36.61875],[-76.05394,36.61932],[-76.05512,36.6192],[-76.0561,36.61934],[-76.05523,36.61868],[-76.05321,36.61848],[-76.05167,36.6188],[-76.05094,36.61887],[-76.0504,36.61892],[-76.05055,36.61978],[-76.05121,36.62225],[-76.05233,36.6228],[-76.05278,36.62267],[-76.05294,36.62219],[-76.05225,36.6223],[-76.05305,36.62189],[-76.05368,36.62229],[-76.05389,36.62279],[-76.05508,36.62245],[-76.05521,36.62206],[-76.05535,36.62231],[-76.05601,36.62192],[-76.0561,36.62129],[-76.05566,36.6214],[-76.05529,36.62126],[-76.05549,36.62113],[-76.05608,36.62108],[-76.05648,36.62056]],[[-76.05872,36.60143],[-76.05817,36.60094],[-76.05749,36.6006],[-76.05717,36.60052],[-76.05666,36.60047],[-76.05652,36.60113],[-76.05599,36.60075],[-76.05574,36.60115],[-76.05589,36.60179],[-76.05561,36.6012],[-76.05534,36.60137],[-76.05518,36.60145],[-76.05532,36.601],[-76.05463,36.60047],[-76.05446,36.60092],[-76.05435,36.60129],[-76.05454,36.60171],[-76.05447,36.6018],[-76.05434,36.60213],[-76.05402,36.60184],[-76.05354,36.60173],[-76.05369,36.60195],[-76.05357,36.60215],[-76.05341,36.6024],[-76.05346,36.60281],[-76.05346,36.60307],[-76.05367,36.60357],[-76.05419,36.60393],[-76.05413,36.60442],[-76.05415,36.60484],[-76.05437,36.60509],[-76.05478,36.60535],[-76.05381,36.60509],[-76.05412,36.60579],[-76.05602,36.60562],[-76.05768,36.6039],[-76.05809,36.603],[-76.05869,36.60172],[-76.05872,36.60143]],[[-76.05857,36.6362],[-76.05847,36.63587],[-76.05837,36.6357],[-76.05836,36.63544],[-76.05807,36.63515],[-76.05779,36.63505],[-76.05742,36.63502],[-76.05711,36.63498],[-76.05679,36.63513],[-76.05655,36.63525],[-76.05622,36.63531],[-76.05588,36.63542],[-76.05565,36.63563],[-76.05528,36.63567],[-76.05499,36.63584],[-76.05448,36.63598],[-76.05416,36.63598],[-76.05374,36.6363],[-76.05374,36.63677],[-76.05369,36.63694],[-76.05402,36.6373],[-76.0546,36.63784],[-76.0552,36.63819],[-76.05568,36.63855],[-76.05602,36.6388],[-76.05634,36.639],[-76.05645,36.63917],[-76.05654,36.63898],[-76.05655,36.63873],[-76.05682,36.63857],[-76.05699,36.63829],[-76.05723,36.63803],[-76.05755,36.63785],[-76.05782,36.63758],[-76.05784,36.63728],[-76.05805,36.63711],[-76.05836,36.63693],[-76.05852,36.63664],[-76.05857,36.6362]]]},{"name":"Sand Bay","rings":[[[-75.94435,36.64779],[-75.93814,36.65174],[-75.93264,36.65389],[-75.92954,36.65878],[-75.93042,36.66619],[-75.92994,36.66923],[-75.92911,36.67603],[-75.92713,36.6844],[-75.92429,36.68796],[-75.92256,36.6859],[-75.92089,36.67937],[-75.91994,36.67674],[-75.91818,36.67509],[-75.91973,36.67225],[-75.91789,36.67029],[-75.91715,36.66863],[-75.91597,36.66668],[-75.91499,36.6665],[-75.913,36.66399],[-75.91795,36.66076],[-75.91665,36.65781],[-75.91722,36.6549],[-75.91778,36.65278],[-75.91442,36.65097],[-75.91404,36.64897],[-75.9138,36.64766],[-75.91799,36.64463],[-75.91315,36.64311],[-75.91098,36.64242],[-75.91516,36.63599],[-75.92942,36.61188],[-75.92601,36.61889],[-75.92757,36.62085],[-75.92989,36.62704],[-75.93143,36.63367],[-75.93439,36.63569],[-75.93512,36.63608],[-75.93618,36.63271],[-75.9408,36.63628],[-75.94016,36.64183],[-75.94435,36.64779]],[[-75.92637,36.67855],[-75.92635,36.67814],[-75.92617,36.67791],[-75.92607,36.67766],[-75.9257,36.67789],[-75.9257,36.67801],[-75.92582,36.6783],[-75.92573,36.67851],[-75.92545,36.67872],[-75.92515,36.67911],[-75.92489,36.67935],[-75.92464,36.67991],[-75.92425,36.68029],[-75.92385,36.68072],[-75.92375,36.68103],[-75.92388,36.68121],[-75.92412,36.68134],[-75.92454,36.68118],[-75.92438,36.68141],[-75.92434,36.68186],[-75.92472,36.68205],[-75.92491,36.68174],[-75.92511,36.68148],[-75.92526,36.68122],[-75.92534,36.68079],[-75.92545,36.68048],[-75.92556,36.68017],[-75.9256,36.6799],[-75.92557,36.67962],[-75.92578,36.67929],[-75.92581,36.67907],[-75.92591,36.67889],[-75.92629,36.67883],[-75.92637,36.67855]],[[-75.92433,36.67435],[-75.92425,36.67408],[-75.92433,36.67372],[-75.92413,36.67355],[-75.92392,36.67339],[-75.92368,36.67343],[-75.92367,36.67373],[-75.92333,36.6742],[-75.92306,36.67424],[-75.9228,36.6741],[-75.92242,36.67407],[-75.92242,36.67433],[-75.9225,36.67465],[-75.92258,36.67496],[-75.9226,36.67529],[-75.92284,36.6755],[-75.92284,36.67573],[-75.92287,36.67611],[-75.92302,36.67664],[-75.92309,36.67704],[-75.92324,36.6774],[-75.92352,36.67736],[-75.92375,36.67723],[-75.92413,36.67696],[-75.92416,36.67658],[-75.92381,36.67651],[-75.92356,36.67639],[-75.92353,36.67618],[-75.92389,36.67617],[-75.92387,36.67634],[-75.92418,36.67647],[-75.9243,36.67634],[-75.92432,36.67595],[-75.92421,36.67573],[-75.92431,36.67545],[-75.92428,36.67527],[-75.92429,36.67504],[-75.92432,36.6748],[-75.92436,36.6745],[-75.92433,36.67435]]]},{"name":"Lynnhaven Roads","rings":[[[-76.13659,36.92236],[-76.13412,36.93012],[-76.12735,36.92824],[-76.12673,36.92804],[-76.12441,36.92728],[-76.11814,36.92516],[-76.11,36.92255],[-76.10256,36.92],[-76.09494,36.91861],[-76.0901,36.91871],[-76.07843,36.92101],[-76.07065,36.92242],[-76.06543,36.92419],[-76.05898,36.91825],[-76.05941,36.91657],[-76.06125,36.91615],[-76.06255,36.91575],[-76.06981,36.91441],[-76.07833,36.91289],[-76.08217,36.91208],[-76.0829,36.9118],[-76.08404,36.91157],[-76.0864,36.91066],[-76.08801,36.90955],[-76.08981,36.90824],[-76.09047,36.9075],[-76.0914,36.90711],[-76.0929,36.9071],[-76.09461,36.90847],[-76.09629,36.90904],[-76.11254,36.91366],[-76.11788,36.91527],[-76.12223,36.91654],[-76.12502,36.91743],[-76.12801,36.9184],[-76.12972,36.91922],[-76.13147,36.91958],[-76.13393,36.92049],[-76.13613,36.9216],[-76.13659,36.92236]]]},{"name":"North Bay","rings":[[[-75.97241,36.71207],[-75.96871,36.71455],[-75.96096,36.71673],[-75.95631,36.72059],[-75.95029,36.72307],[-75.95011,36.72501],[-75.95134,36.72482],[-75.95258,36.72602],[-75.95346,36.72503],[-75.95325,36.7262],[-75.95567,36.72567],[-75.95608,36.72781],[-75.95933,36.72437],[-75.95946,36.72627],[-75.95697,36.73038],[-75.95408,36.73339],[-75.95034,36.73623],[-75.95036,36.74016],[-75.94751,36.73673],[-75.94299,36.73584],[-75.94427,36.73367],[-75.94277,36.72965],[-75.94155,36.72627],[-75.93983,36.72673],[-75.94164,36.72127],[-75.93853,36.72563],[-75.93787,36.71831],[-75.93798,36.71648],[-75.93609,36.71443],[-75.93698,36.71299],[-75.93757,36.71082],[-75.93369,36.70864],[-75.93293,36.70936],[-75.93153,36.70756],[-75.93117,36.70451],[-75.93311,36.70211],[-75.9585,36.70031],[-75.95966,36.7027],[-75.96401,36.70101],[-75.96965,36.70692],[-75.97241,36.71207]],[[-75.95037,36.7217],[-75.94959,36.72146],[-75.94897,36.72113],[-75.94856,36.72086],[-75.94913,36.71987],[-75.94885,36.71946],[-75.94952,36.71879],[-75.94861,36.71824],[-75.94792,36.71789],[-75.94809,36.71878],[-75.94764,36.71974],[-75.94749,36.72062],[-75.94623,36.72093],[-75.94532,36.72191],[-75.94464,36.72254],[-75.94364,36.72333],[-75.94321,36.72362],[-75.94301,36.72478],[-75.94298,36.72634],[-75.94362,36.72766],[-75.94436,36.72846],[-75.94341,36.73012],[-75.94516,36.73143],[-75.94657,36.73104],[-75.94741,36.73074],[-75.94757,36.72938],[-75.94899,36.72877],[-75.94854,36.72701],[-75.94681,36.72808],[-75.94643,36.72663],[-75.94908,36.72536],[-75.94944,36.72477],[-75.94926,36.72394],[-75.95002,36.72356],[-75.94947,36.72297],[-75.94987,36.72233],[-75.95023,36.72186],[-75.95037,36.7217]],[[-75.95444,36.73003],[-75.95392,36.72946],[-75.95374,36.72836],[-75.95377,36.72689],[-75.95277,36.72673],[-75.95218,36.72613],[-75.95111,36.72594],[-75.94977,36.72632],[-75.95049,36.72887],[-75.95281,36.72857],[-75.95224,36.73008],[-75.95142,36.73075],[-75.95015,36.72965],[-75.94971,36.73027],[-75.94977,36.73243],[-75.94883,36.73376],[-75.94831,36.73197],[-75.94835,36.73265],[-75.94768,36.73446],[-75.94806,36.73661],[-75.94994,36.73612],[-75.94892,36.73486],[-75.94983,36.73472],[-75.9506,36.73421],[-75.95084,36.73371],[-75.9516,36.73337],[-75.9514,36.73314],[-75.95214,36.73308],[-75.95284,36.73262],[-75.95225,36.73229],[-75.95173,36.73263],[-75.95158,36.73233],[-75.95198,36.73224],[-75.95221,36.73148],[-75.95236,36.73087],[-75.95254,36.73044],[-75.95374,36.73042],[-75.95429,36.73018],[-75.95444,36.73003]]]},{"name":"Lynnhaven Bay","rings":[[[-76.09167,36.87668],[-76.08571,36.90352],[-76.08416,36.90144],[-76.08295,36.89748],[-76.08014,36.89913],[-76.07676,36.89938],[-76.07728,36.89508],[-76.07276,36.89226],[-76.06382,36.89172],[-76.06382,36.88834],[-76.0654,36.88859],[-76.06803,36.88315],[-76.06371,36.8849],[-76.05852,36.88685],[-76.06039,36.88225],[-76.06333,36.88285],[-76.06427,36.87965],[-76.06242,36.87787],[-76.0606,36.87803],[-76.05842,36.88064],[-76.05714,36.87769],[-76.05297,36.88186],[-76.07439,36.86791],[-76.07782,36.86537],[-76.07561,36.86807],[-76.07995,36.86868],[-76.08097,36.87199],[-76.0769,36.87059],[-76.0748,36.87206],[-76.07564,36.87487],[-76.0764,36.87798],[-76.0737,36.87473],[-76.07324,36.87877],[-76.07539,36.88144],[-76.07982,36.8824],[-76.08076,36.88498],[-76.08652,36.88409],[-76.0885,36.88287],[-76.08943,36.87953],[-76.09131,36.87655],[-76.09167,36.87668]]]},{"name":"Broad Bay","rings":[[[-76.06067,36.90247],[-76.05846,36.90443],[-76.05811,36.90367],[-76.05581,36.90377],[-76.05659,36.90444],[-76.05624,36.90419],[-76.05489,36.90387],[-76.05361,36.90464],[-76.05314,36.90552],[-76.05556,36.90491],[-76.05327,36.90599],[-76.04919,36.90613],[-76.05054,36.90493],[-76.04855,36.9049],[-76.04309,36.90642],[-76.03669,36.90524],[-76.02839,36.90223],[-76.02228,36.89762],[-76.01924,36.89408],[-76.01851,36.89189],[-76.02471,36.88951],[-76.02486,36.88855],[-76.02631,36.88732],[-76.02607,36.88544],[-76.02733,36.88644],[-76.02676,36.88853],[-76.02769,36.89053],[-76.02612,36.89166],[-76.02968,36.89203],[-76.03825,36.89404],[-76.04162,36.89645],[-76.0488,36.89957],[-76.05084,36.89583],[-76.05131,36.89802],[-76.05282,36.8965],[-76.05327,36.89427],[-76.05348,36.89556],[-76.05283,36.8981],[-76.05089,36.90008],[-76.05595,36.9012],[-76.06067,36.90247]]]},{"name":"Linkhorn Bay","rings":[[[-76.02075,36.87907],[-76.01483,36.88089],[-76.0158,36.88478],[-76.01987,36.88637],[-76.01395,36.88861],[-76.00909,36.87788],[-76.01203,36.86873],[-76.00883,36.86784],[-76.00807,36.86663],[-76.00765,36.86561],[-76.00888,36.86464],[-76.00674,36.86376],[-76.0092,36.86201],[-76.00748,36.86105],[-76.00555,36.86072],[-76.00761,36.8594],[-76.00607,36.85682],[-76.00306,36.85605],[-76.00352,36.8535],[-75.99852,36.85162],[-76.00373,36.8501],[-76.00314,36.84842],[-76.00387,36.84598],[-76.00509,36.84857],[-76.0063,36.84905],[-76.00791,36.84978],[-76.00653,36.85071],[-76.00499,36.8511],[-76.00583,36.85414],[-76.00875,36.85421],[-76.01116,36.85401],[-76.01208,36.85526],[-76.00964,36.85846],[-76.01325,36.85832],[-76.01747,36.86043],[-76.01443,36.86367],[-76.01723,36.86621],[-76.01735,36.86994],[-76.01279,36.87456],[-76.01733,36.8783],[-76.02075,36.87907]]]}],"districts":[{"name":"Town Center","lon":-76.1349,"lat":36.841,"primary":true},{"name":"Oceanfront","lon":-75.9785,"lat":36.852},{"name":"Lynnhaven","lon":-76.0637,"lat":36.8987},{"name":"Great Neck","lon":-76.045,"lat":36.876},{"name":"Kempsville","lon":-76.176,"lat":36.793},{"name":"Sandbridge","lon":-75.956,"lat":36.736}],"labels":[{"name":"First Landing State Park","lon":-76.052,"lat":36.918,"style":"natural","minZoom":2.2},{"name":"Cape Henry","lon":-76.008,"lat":36.926,"style":"natural","minZoom":2.2},{"name":"Virginia Beach Boardwalk","lon":-75.9695,"lat":36.844,"style":"place","minZoom":2.2},{"name":"NAS Oceana","lon":-76.033,"lat":36.82,"style":"place","minZoom":2.2},{"name":"Sandbridge Beach","lon":-75.951,"lat":36.733,"style":"natural","minZoom":2.2},{"name":"Back Bay National Wildlife Refuge","lon":-75.915,"lat":36.68,"style":"natural","minZoom":2.2},{"name":"Lynnhaven Inlet","lon":-76.088,"lat":36.905,"style":"natural","minZoom":3.2},{"name":"Rudee Inlet","lon":-75.972,"lat":36.83,"style":"natural","minZoom":3.2},{"name":"Mount Trashmore","lon":-76.128,"lat":36.826,"style":"place","minZoom":3.2},{"name":"False Cape State Park","lon":-75.9,"lat":36.6,"style":"natural","minZoom":3.2},{"name":"Pungo","lon":-76.005,"lat":36.685,"style":"place","minZoom":3.2}],"features":[{"name":"Chesapeake Bay","lon":-76.1,"lat":36.99,"kind":"water","curated":true}],"fine_streets":{"file":"streets.json","count":8759}}}],"$L1a","$L1b","$L1c","$L1d","$L1e","$L1f","$L20","$L21","$L22","$L23","$L24","$L25","$L26","$L27","$L28","$L29","$L2a"]
1a:[["$","div",null,{"className":"section-kicker section-kicker--group","children":"This week"}],["$","section",null,{"className":"local-block","children":[["$","p",null,{"className":"local-week-summary","data-testid":"civic-week-summary","children":"Severe weather could affect Friday night football. A record store continued to do well after 57 years in business."}],["$","div",null,{"className":"local-week-provenance","children":"AI summary drawn only from this week’s local headlines below."}]]}]]
1b:["$","div",null,{"className":"section-kicker section-kicker--sub","children":"Local news"}]
1c:["$","section",null,{"className":"local-block","children":["$","div",null,{"className":"local-news","data-testid":"civic-news","children":[["$","div","https://www.wavy.com/news/local-news/severe-weather-threat-looms-over-friday-night-football/",{"className":"local-news-row","data-testid":"civic-news-row","children":[["$","div",null,{"className":"lnr-date","children":"September 4, 2026"}],["$","a",null,{"className":"lnr-title","href":"https://www.wavy.com/news/local-news/severe-weather-threat-looms-over-friday-night-football/","target":"_blank","rel":"noopener noreferrer","children":["Severe weather threat looms over Friday night football"," ",["$","span",null,{"className":"ext","children":"↗"}]]}],["$","div",null,{"className":"lnr-outlet","children":["WAVY",""]}]]}],["$","div","https://www.wtkr.com/PositivelyHR/record-store-still-finding-success-after-57-years-in-business",{"className":"local-news-row","data-testid":"civic-news-row","children":[["$","div",null,{"className":"lnr-date","children":"September 4, 2026"}],["$","a",null,{"className":"lnr-title","href":"https://www.wtkr.com/PositivelyHR/record-store-still-finding-success-after-57-years-in-business","target":"_blank","rel":"noopener noreferrer","children":["Record store still finding success after 57 years in business."," ",["$","span",null,{"className":"ext","children":"↗"}]]}],["$","div",null,{"className":"lnr-outlet","children":["WTKR",""]}]]}]]}]}]
1d:["$","div",null,{"className":"section-kicker section-kicker--sub","children":"Civic calendar"}]
1e:["$","section",null,{"className":"local-block","children":[null,["$","div",null,{"className":"ld-subgroup","data-testid":"cal-meeting-sources","children":[["$","div",null,{"className":"ld-subhead","children":"Public meeting calendars"}],["$","ul",null,{"className":"local-links linkout-list","children":[["$","li","https://clerk.virginiabeach.gov/city-council",{"data-testid":"cal-meeting-source-row","children":[["$","a",null,{"href":"https://clerk.virginiabeach.gov/city-council","target":"_blank","rel":"noopener noreferrer","children":["Virginia Beach City Council — meetings"," ",["$","span",null,{"className":"ext","children":"↗"}]]}],["$","div",null,{"className":"ll-note","children":"Council meeting dates, agendas, and the document archive."}],[]]}],["$","li","https://schoolboard.vbschools.com/meetings",{"data-testid":"cal-meeting-source-row","children":[["$","a",null,{"href":"https://schoolboard.vbschools.com/meetings","target":"_blank","rel":"noopener noreferrer","children":["Virginia Beach City Public Schools — School Board meetings"," ",["$","span",null,{"className":"ext","children":"↗"}]]}],["$","div",null,{"className":"ll-note","children":"Upcoming school board meeting dates and agendas."}],[]]}]]}]]}],["$","div",null,{"className":"ld-subgroup","data-testid":"cal-elections","children":[["$","div",null,{"className":"ld-subhead","children":"Elections"}],["$","ul",null,{"className":"local-links linkout-list","children":[["$","li","https://voter.virginiabeach.gov/",{"data-testid":"cal-election-row","children":[["$","a",null,{"href":"https://voter.virginiabeach.gov/","target":"_blank","rel":"noopener noreferrer","children":["Virginia Beach Voter Registrar and Elections"," ",["$","span",null,{"className":"ext","children":"↗"}]]}],["$","div",null,{"className":"ll-note","children":"Election dates, registration, and your polling place."}],[]]}],["$","li","https://www.elections.virginia.gov/",{"data-testid":"cal-election-row","children":[["$","a",null,{"href":"https://www.elections.virginia.gov/","target":"_blank","rel":"noopener noreferrer","children":["Virginia Department of Elections"," ",["$","span",null,{"className":"ext","children":"↗"}]]}],["$","div",null,{"className":"ll-note","children":"Statewide election dates and official results."}],[]]}]]}]]}]]}]
1f:["$","div",null,{"className":"section-kicker section-kicker--group","children":"Heritage"}]
20:["$","section",null,{"className":"local-block","children":[["$","div",null,{"className":"local-block-label","children":["Founding"," · 1607"]}],["$","div",null,{"className":"local-body","children":"In 1607, English settlers first stepped ashore at Cape Henry before sailing on to found Jamestown. They set up a cross to mark the spot, which is remembered there today."}],["$","div",null,{"className":"local-src","children":[["$","span","https://www.nps.gov/came/learn/historyculture/index.htm0",{"className":"local-src-item","children":[["$","a",null,{"href":"https://www.nps.gov/came/learn/historyculture/index.htm","target":"_blank","rel":"noopener noreferrer","children":"National Park Service — Cape Henry Memorial"}],["$","span",null,{"className":"tierbadge","children":"primary / gov"}]]}]]}]]}]
21:["$","section",null,{"className":"local-block","children":[["$","div",null,{"className":"local-block-label","children":"Economy"}],["$","div",null,{"className":"local-body","children":"For a long time the area lived on farming, then it grew into a popular seaside resort. Naval Air Station Oceana and other bases now anchor much of its economy."}],["$","div",null,{"className":"local-src","children":[["$","span","https://www.nps.gov/came/index.htm0",{"className":"local-src-item","children":[["$","a",null,{"href":"https://www.nps.gov/came/index.htm","target":"_blank","rel":"noopener noreferrer","children":"National Park Service — Cape Henry Memorial"}],["$","span",null,{"className":"tierbadge","children":"primary / gov"}]]}]]}]]}]
22:["$","section",null,{"className":"local-block","children":[["$","div",null,{"className":"local-block-label","children":"Statehood"}],["$","div",null,{"className":"local-body","children":"Virginia was one of the original 13 states. It ratified the U.S. Constitution on June 25, 1788, the 10th state to do so."}],["$","div",null,{"className":"local-src","children":[["$","span","https://www.archives.gov/founding-docs/constitution0",{"className":"local-src-item","children":[["$","a",null,{"href":"https://www.archives.gov/founding-docs/constitution","target":"_blank","rel":"noopener noreferrer","children":"U.S. National Archives — The Constitution"}],["$","span",null,{"className":"tierbadge","children":"primary / gov"}]]}]]}]]}]
23:["$","section",null,{"className":"local-block","children":[["$","div",null,{"className":"local-block-label","children":"Notable figures"}],["$","details",null,{"className":"local-dropdown","data-testid":"figures-dropdown","children":[["$","summary",null,{"children":[["$","span",null,{"className":"ld-label","children":"Notable figures"}],["$","span",null,{"className":"ld-count","children":30}]]}],["$","div",null,{"className":"ld-body","children":[[["$","div","pioneer",{"className":"ld-subgroup","data-testid":"figure-subgroup","children":[["$","div",null,{"className":"ld-subhead","children":["Founding settlers"," ",["$","span",null,{"className":"ld-subcount","children":1}]]}],["$","div",null,{"className":"lfg-list","children":[["$","details","Q4680908",{"className":"lfg-row","data-testid":"figure-row","data-marker":"pioneer","children":[["$","summary",null,{"children":"Adam Thoroughgood"}],["$","div",null,{"className":"lfg-blurb","children":"Founding settler of the area (1600s); namesake of the Thoroughgood House."}]]}]]}]]}],["$","div","olympic",{"className":"ld-subgroup","data-testid":"figure-subgroup","children":[["$","div",null,{"className":"ld-subhead","children":["Olympic medalists"," ",["$","span",null,{"className":"ld-subcount","children":1}]]}],["$","div",null,{"className":"lfg-list","children":[["$","details","Q4762466",{"className":"lfg-row","data-testid":"figure-row","data-marker":"olympic","children":[["$","summary",null,{"children":"Angela Hucles"}],["$","div",null,{"className":"lfg-blurb","children":"American soccer player — Olympic gold medalist (two-time)."}]]}]]}]]}],["$","div","athlete",{"className":"ld-subgroup","data-testid":"figure-subgroup","children":[["$","div",null,{"className":"ld-subhead","children":["Athletes"," ",["$","span",null,{"className":"ld-subcount","children":7}]]}],["$","div",null,{"className":"lfg-list","children":[["$","details","Q2327143",{"className":"lfg-row","data-testid":"figure-row","data-marker":"athlete","children":[["$","summary",null,{"children":"J. R. Reid"}],["$","div",null,{"className":"lfg-blurb","children":"American basketball player."}]]}],["$","details","Q5170327",{"className":"lfg-row","data-testid":"figure-row","data-marker":"athlete","children":[["$","summary",null,{"children":"Corey Ashe"}],["$","div",null,{"className":"lfg-blurb","children":"American soccer player."}]]}],["$","details","Q16233613",{"className":"lfg-row","data-testid":"figure-row","data-marker":"athlete","children":[["$","summary",null,{"children":"Chris Taylor"}],["$","div",null,{"className":"lfg-blurb","children":"American baseball player (born 1990)."}]]}],["$","details","Q9299663",{"className":"lfg-row","data-testid":"figure-row","data-marker":"athlete","children":[["$","summary",null,{"children":"Wade Barrett"}],["$","div",null,{"className":"lfg-blurb","children":"American soccer player."}]]}],["$","details","Q51120133",{"className":"lfg-row","data-testid":"figure-row","data-marker":"athlete","children":[["$","summary",null,{"children":"Devon Hall"}],["$","div",null,{"className":"lfg-blurb","children":"American basketball player."}]]}],["$","details","Q5323233",{"className":"lfg-row","data-testid":"figure-row","data-marker":"athlete","children":[["$","summary",null,{"children":"EJ Manuel"}],["$","div",null,{"className":"lfg-blurb","children":"American football player (born 1990)."}]]}],["$","details","Q719030",{"className":"lfg-row","data-testid":"figure-row","data-marker":"athlete","children":[["$","summary",null,{"children":"John Fox"}],["$","div",null,{"className":"lfg-blurb","children":"American football player and coach (born 1955)."}]]}]]}]]}],["$","div","politician",{"className":"ld-subgroup","data-testid":"figure-subgroup","children":[["$","div",null,{"className":"ld-subhead","children":["Politicians"," ",["$","span",null,{"className":"ld-subcount","children":2}]]}],["$","div",null,{"className":"lfg-list","children":[["$","details","Q2820087",{"className":"lfg-row","data-testid":"figure-row","data-marker":"politician","children":[["$","summary",null,{"children":"Aaron Rouse"}],["$","div",null,{"className":"lfg-blurb","children":"American football player and politician (born 1984)."}]]}],["$","details","Q42887753",{"className":"lfg-row","data-testid":"figure-row","data-marker":"politician","children":[["$","summary",null,{"children":"Kelly Convirs-Fowler"}],["$","div",null,{"className":"lfg-blurb","children":"American politician."}]]}]]}]]}],["$","div","entrepreneur",{"className":"ld-subgroup","data-testid":"figure-subgroup","children":["$L2b","$L2c"]}],"$L2d","$L2e"],"$L2f"]}]]}]]}]
24:["$","section",null,{"className":"local-block","children":[["$","div",null,{"className":"local-block-label","children":"Historic sites on the National Register"}],["$","details",null,{"className":"local-dropdown","data-testid":"sites-dropdown","children":[["$","summary",null,{"children":[["$","span",null,{"className":"ld-label","children":"Historic sites"}],["$","span",null,{"className":"ld-count","children":20}]]}],["$","div",null,{"className":"ld-body","children":[["$","ul",null,{"className":"local-sites","children":[["$","li","73002297",{"children":["$","details",null,{"className":"site-entry","data-testid":"site-entry","children":[["$","summary",null,{"children":"Adam Keeling House"}],["$","div",null,{"className":"site-blurb","children":["House in Virginia Beach, Virginia.",["$","a",null,{"className":"site-link","href":"https://npgallery.nps.gov/AssetDetail/NRIS/73002297","target":"_blank","rel":"noopener noreferrer","children":["National Register listing ",["$","span",null,{"className":"ext","children":"↗"}]]}]]}]]}]}],["$","li","66000921",{"children":["$","details",null,{"className":"site-entry","data-testid":"site-entry","children":[["$","summary",null,{"children":"Adam Thoroughgood House"}],["$","div",null,{"className":"site-blurb","children":["Historic house in Virginia, United States.",["$","a",null,{"className":"site-link","href":"https://npgallery.nps.gov/AssetDetail/NRIS/66000921","target":"_blank","rel":"noopener noreferrer","children":["National Register listing ",["$","span",null,{"className":"ext","children":"↗"}]]}]]}]]}]}],["$","li","12000547",{"children":["$","a",null,{"href":"https://npgallery.nps.gov/AssetDetail/NRIS/12000547","target":"_blank","rel":"noopener noreferrer","children":["Briarwood"," ",["$","span",null,{"className":"ext","children":"↗"}]]}]}],["$","li","02001439",{"children":["$","details",null,{"className":"site-entry","data-testid":"site-entry","children":[["$","summary",null,{"children":"Cape Henry Light"}],["$","div",null,{"className":"site-blurb","children":["Lighthouse in Virginia, United States.",["$","a",null,{"className":"site-link","href":"https://npgallery.nps.gov/AssetDetail/NRIS/02001439","target":"_blank","rel":"noopener noreferrer","children":["National Register listing ",["$","span",null,{"className":"ext","children":"↗"}]]}]]}]]}]}],["$","li","14000239",{"children":["$","details",null,{"className":"site-entry","data-testid":"site-entry","children":[["$","summary",null,{"children":"Cavalier Hotel"}],["$","div",null,{"className":"site-blurb","children":["Historic hotel in Virginia Beach, Virginia, U.S.A.",["$","a",null,{"className":"site-link","href":"https://npgallery.nps.gov/AssetDetail/NRIS/14000239","target":"_blank","rel":"noopener noreferrer","children":["National Register listing ",["$","span",null,{"className":"ext","children":"↗"}]]}]]}]]}]}],["$","li","97000488",{"children":["$","details",null,{"className":"site-entry","data-testid":"site-entry","children":[["$","summary",null,{"children":"Dr. John Miller-Masury House"}],["$","div",null,{"className":"site-blurb","children":["Historic house in Virginia, United States.",["$","a",null,{"className":"site-link","href":"https://npgallery.nps.gov/AssetDetail/NRIS/97000488","target":"_blank","rel":"noopener noreferrer","children":["National Register listing ",["$","span",null,{"className":"ext","children":"↗"}]]}]]}]]}]}],["$","li","04001545",{"children":["$","a",null,{"href":"https://npgallery.nps.gov/AssetDetail/NRIS/04001545","target":"_blank","rel":"noopener noreferrer","children":["Ferry Plantation House"," ",["$","span",null,{"className":"ext","children":"↗"}]]}]}],["$","li","12001273",{"children":["$","details",null,{"className":"site-entry","data-testid":"site-entry","children":[["$","summary",null,{"children":"Green Hill"}],["$","div",null,{"className":"site-blurb","children":["Historic plantation house located at Virginia Beach, Virginia, United States.",["$","a",null,{"className":"site-link","href":"https://npgallery.nps.gov/AssetDetail/NRIS/12001273","target":"_blank","rel":"noopener noreferrer","children":["National Register listing ",["$","span",null,{"className":"ext","children":"↗"}]]}]]}]]}]}],["$","li","100006519",{"children":["$","details",null,{"className":"site-entry","data-testid":"site-entry","children":[["$","summary",null,{"children":"Jefferson Manor Motel Apartments"}],["$","div",null,{"className":"site-blurb","children":["Historic motel in Virginia Beach, Virginia, USA.","$L30"]}]]}]}],"$L31","$L32","$L33"]}],"$L34"]}]]}]]}]
25:["$","section",null,{"className":"local-block","children":[["$","div",null,{"className":"local-block-label","children":"Worth exploring"}],["$","details",null,{"className":"local-dropdown","data-testid":"parks-dropdown","children":[["$","summary",null,{"children":[["$","span",null,{"className":"ld-label","children":"Parks and public lands"}],["$","span",null,{"className":"ld-count","children":5}]]}],["$","div",null,{"className":"ld-body","children":[["$","div","national",{"className":"ld-subgroup","children":[["$","div",null,{"className":"ld-subhead","children":"National"}],["$","ul",null,{"className":"local-links linkout-list","children":[["$","li","https://www.nps.gov/came/index.htm",{"data-testid":"park-row","children":["$","details",null,{"className":"park-entry","data-testid":"park-entry","children":[["$","summary",null,{"children":"Cape Henry Memorial"}],["$","div",null,{"className":"ll-note","children":"Part of Colonial National Historical Park, marking the 1607 first landing."}],["$","a",null,{"className":"park-link","href":"https://www.nps.gov/came/index.htm","target":"_blank","rel":"noopener noreferrer","children":["Official page ",["$","span",null,{"className":"ext","children":"↗"}]]}]]}]}],["$","li","https://www.fws.gov/refuge/back-bay",{"data-testid":"park-row","children":["$","details",null,{"className":"park-entry","data-testid":"park-entry","children":[["$","summary",null,{"children":"Back Bay National Wildlife Refuge"}],["$","div",null,{"className":"ll-note","children":"A federal refuge of marsh and beach along the coast south of the city."}],["$","a",null,{"className":"park-link","href":"https://www.fws.gov/refuge/back-bay","target":"_blank","rel":"noopener noreferrer","children":["Official page ",["$","span",null,{"className":"ext","children":"↗"}]]}]]}]}]]}]]}],["$","div","state",{"className":"ld-subgroup","children":[["$","div",null,{"className":"ld-subhead","children":"State"}],["$","ul",null,{"className":"local-links linkout-list","children":[["$","li","https://www.dcr.virginia.gov/state-parks/first-landing",{"data-testid":"park-row","children":["$","details",null,{"className":"park-entry","data-testid":"park-entry","children":[["$","summary",null,{"children":"First Landing State Park"}],["$","div",null,{"className":"ll-note","children":"The most visited state park in Virginia, near where the first settlers came ashore."}],["$","a",null,{"className":"park-link","href":"https://www.dcr.virginia.gov/state-parks/first-landing","target":"_blank","rel":"noopener noreferrer","children":["Official page ",["$","span",null,{"className":"ext","children":"↗"}]]}]]}]}],["$","li","https://www.dcr.virginia.gov/state-parks/false-cape",{"data-testid":"park-row","children":["$","details",null,{"className":"park-entry","data-testid":"park-entry","children":[["$","summary",null,{"children":"False Cape State Park"}],["$","div",null,{"className":"ll-note","children":"A remote beach park reached only on foot or bike through the wildlife refuge."}],["$","a",null,{"className":"park-link","href":"https://www.dcr.virginia.gov/state-parks/false-cape","target":"_blank","rel":"noopener noreferrer","children":["Official page ",["$","span",null,{"className":"ext","children":"↗"}]]}]]}]}]]}]]}],["$","div","local",{"className":"ld-subgroup","children":[["$","div",null,{"className":"ld-subhead","children":"Local"}],["$","ul",null,{"className":"local-links linkout-list","children":[["$","li","https://parks.virginiabeach.gov/",{"data-testid":"park-row","children":["$","details",null,{"className":"park-entry","data-testid":"park-entry","children":[["$","summary",null,{"children":"Virginia Beach Parks and Recreation"}],["$","div",null,{"className":"ll-note","children":"The city parks and trails, including Mount Trashmore, a park built on a covered landfill."}],["$","a",null,{"className":"park-link","href":"https://parks.virginiabeach.gov/","target":"_blank","rel":"noopener noreferrer","children":["Official page ",["$","span",null,{"className":"ext","children":"↗"}]]}]]}]}]]}]]}]]}]]}]]}]
26:["$","section",null,{"className":"local-block","children":[["$","div",null,{"className":"local-block-label","children":"Historical markers"}],["$","ul",null,{"className":"local-links","children":[["$","li","https://www.hmdb.org/results.asp?Search=County&State=Virginia&County=Virginia+Beach",{"children":["$","a",null,{"href":"https://www.hmdb.org/results.asp?Search=County&State=Virginia&County=Virginia+Beach","target":"_blank","rel":"noopener noreferrer","children":["Historical markers in Virginia Beach (HMdb.org)"," ",["$","span",null,{"className":"ext","children":"↗"}]]}]}]]}]]}]
27:["$","section",null,{"className":"local-block","children":[["$","div",null,{"className":"local-block-label","children":"Words to know"}],["$","div",null,{"className":"local-vocab","children":[["$","details","ratify",{"className":"vocab-word","data-testid":"vocab-word","children":[["$","summary",null,{"children":"ratify"}],["$","div",null,{"className":"vocab-def","children":"To officially agree to something and make it law."}]]}],["$","details","promontory",{"className":"vocab-word","data-testid":"vocab-word","children":[["$","summary",null,{"children":"promontory"}],["$","div",null,{"className":"vocab-def","children":"A high piece of land that reaches out into the sea, like Cape Henry."}]]}],["$","details","colony",{"className":"vocab-word","data-testid":"vocab-word","children":[["$","summary",null,{"children":"colony"}],["$","div",null,{"className":"vocab-def","children":"A settlement that is ruled by a country far away."}]]}]]}]]}]
28:["$","div",null,{"className":"section-kicker section-kicker--sub","children":"Local government"}]
29:["$","section",null,{"className":"local-block","children":["$","details",null,{"className":"local-dropdown","data-testid":"govt-dropdown","open":true,"children":[["$","summary",null,{"children":["$","span",null,{"className":"ld-label","children":"Local government"}]}],["$","div",null,{"className":"ld-body","children":[["$","div",null,{"className":"ld-subgroup","children":[["$","div",null,{"className":"ld-subhead","children":"City council"}],["$","div",null,{"className":"local-empty","data-testid":"news-empty","children":"No structured government feed is wired for this area yet. The city council posts records through a document system with no public feed; its meetings are linked under Local outlets."}]]}],["$","div",null,{"className":"ld-subgroup","data-testid":"gov-law","children":[["$","div",null,{"className":"ld-subhead","children":"Law enforcement"}],["$","ul",null,{"className":"local-links linkout-list","children":[["$","li","https://virginiabeach.gov/connect/news?department=1942600",{"data-testid":"gov-law-row","children":[["$","a",null,{"href":"https://virginiabeach.gov/connect/news?department=1942600","target":"_blank","rel":"noopener noreferrer","children":["Virginia Beach Police Department"," ",["$","span",null,{"className":"ext","children":"↗"}]]}],["$","div",null,{"className":"ll-note","children":"News releases from the city police department."}],[]]}],["$","li","https://vbso.net/news",{"data-testid":"gov-law-row","children":[["$","a",null,{"href":"https://vbso.net/news","target":"_blank","rel":"noopener noreferrer","children":["Virginia Beach Sheriff's Office"," ",["$","span",null,{"className":"ext","children":"↗"}]]}],["$","div",null,{"className":"ll-note","children":"News from the sheriff, who runs the courts and the city jail."}],[]]}]]}]]}],["$","div",null,{"className":"ld-subgroup","data-testid":"gov-schoolboard","children":[["$","div",null,{"className":"ld-subhead","children":"School board"}],["$","ul",null,{"className":"local-links linkout-list","children":[["$","li","https://schoolboard.vbschools.com/meetings",{"data-testid":"gov-schoolboard-row","children":[["$","a",null,{"href":"https://schoolboard.vbschools.com/meetings","target":"_blank","rel":"noopener noreferrer","children":["Virginia Beach City Public Schools — School Board"," ",["$","span",null,{"className":"ext","children":"↗"}]]}],["$","div",null,{"className":"ll-note","children":"Meeting dates, agendas, and minutes for the school board."}],[]]}]]}]]}],["$","div",null,{"className":"ld-subgroup","data-testid":"gov-education","children":[["$","div",null,{"className":"ld-subhead","children":"Schools"}],["$","ul",null,{"className":"local-links linkout-list","children":[["$","li","https://schoolquality.virginia.gov/divisions/virginia-beach-city-public-schools",{"data-testid":"gov-education-row","children":[["$","a",null,{"href":"https://schoolquality.virginia.gov/divisions/virginia-beach-city-public-schools","target":"_blank","rel":"noopener noreferrer","children":["Virginia Beach City Public Schools"," ",["$","span",null,{"className":"ext","children":"↗"}]]}],["$","div",null,{"className":"ll-note","children":"The single school division that serves the whole city."}],[["$","div","0",{"className":"ll-fact","children":"About 65,500 students enrolled (2022, NCES)."}]]]}]]}]]}]]}]]}]}]
2a:["$","section",null,{"className":"local-block","children":[["$","div",null,{"className":"local-block-label","children":"Local outlets"}],["$","ul",null,{"className":"local-links","data-testid":"outlets-list","children":[["$","li","https://www.wavy.com/",{"children":[["$","a",null,{"href":"https://www.wavy.com/","target":"_blank","rel":"noopener noreferrer","children":["WAVY (NBC 10)"," ",["$","span",null,{"className":"ext","children":"↗"}]]}],["$","span",null,{"className":"ls-ref","children":["news",""]}],null]}],["$","li","https://www.wtkr.com/",{"children":[["$","a",null,{"href":"https://www.wtkr.com/","target":"_blank","rel":"noopener noreferrer","children":["WTKR (News 3)"," ",["$","span",null,{"className":"ext","children":"↗"}]]}],["$","span",null,{"className":"ls-ref","children":["news",""]}],null]}],["$","li","https://virginiamercury.com/",{"children":[["$","a",null,{"href":"https://virginiamercury.com/","target":"_blank","rel":"noopener noreferrer","children":["Virginia Mercury (statewide)"," ",["$","span",null,{"className":"ext","children":"↗"}]]}],["$","span",null,{"className":"ls-ref","children":["news"," · statewide"]}],null]}],["$","li","https://www.youtube.com/feeds/videos.xml?channel_id=UCe1QmZhxHuuZuUdQ9FtzTcA",{"children":[["$","a",null,{"href":"https://www.youtube.com/feeds/videos.xml?channel_id=UCe1QmZhxHuuZuUdQ9FtzTcA","target":"_blank","rel":"noopener noreferrer","children":["Virginia Beach City Council — VirginiaBeachTV"," ",["$","span",null,{"className":"ext","children":"↗"}]]}],["$","span",null,{"className":"ls-ref","children":["council video",""]}],null]}]]}]]}]
2b:["$","div",null,{"className":"ld-subhead","children":["Business founders"," ",["$","span",null,{"className":"ld-subcount","children":2}]]}]
2c:["$","div",null,{"className":"lfg-list","children":[["$","details","Q56513174",{"className":"lfg-row","data-testid":"figure-row","data-marker":"entrepreneur","children":[["$","summary",null,{"children":"Todd Boehly"}],["$","div",null,{"className":"lfg-blurb","children":"American businessman and investor."}]]}],["$","details","Q1738713",{"className":"lfg-row","data-testid":"figure-row","data-marker":"entrepreneur","children":[["$","summary",null,{"children":"Kendra Todd"}],["$","div",null,{"className":"lfg-blurb","children":"American businesswoman."}]]}]]}]
2d:["$","div","actor",{"className":"ld-subgroup","data-testid":"figure-subgroup","children":[["$","div",null,{"className":"ld-subhead","children":["Actors"," ",["$","span",null,{"className":"ld-subcount","children":8}]]}],["$","div",null,{"className":"lfg-list","children":[["$","details","Q111514224",{"className":"lfg-row","data-testid":"figure-row","data-marker":"actor","children":[["$","summary",null,{"children":"Walker Scobell"}],["$","div",null,{"className":"lfg-blurb","children":"American actor."}]]}],["$","details","Q1321014",{"className":"lfg-row","data-testid":"figure-row","data-marker":"actor","children":[["$","summary",null,{"children":"Jason Winston George"}],["$","div",null,{"className":"lfg-blurb","children":"American actor and model (born 1972)."}]]}],["$","details","Q2713570",{"className":"lfg-row","data-testid":"figure-row","data-marker":"actor","children":[["$","summary",null,{"children":"William Gregory Lee"}],["$","div",null,{"className":"lfg-blurb","children":"American actor."}]]}],["$","details","Q24068200",{"className":"lfg-row","data-testid":"figure-row","data-marker":"actor","children":[["$","summary",null,{"children":"Malachi Barton"}],["$","div",null,{"className":"lfg-blurb","children":"American actor and singer."}]]}],["$","details","Q3161516",{"className":"lfg-row","data-testid":"figure-row","data-marker":"actor","children":[["$","summary",null,{"children":"Jamia Simone Nash"}],["$","div",null,{"className":"lfg-blurb","children":"American actress and singer."}]]}],["$","details","Q4078477",{"className":"lfg-row","data-testid":"figure-row","data-marker":"actor","children":[["$","summary",null,{"children":"Kelli Barrett"}],["$","div",null,{"className":"lfg-blurb","children":"American actress."}]]}],["$","details","Q962930",{"className":"lfg-row","data-testid":"figure-row","data-marker":"actor","children":[["$","summary",null,{"children":"J. Evan Bonifant"}],["$","div",null,{"className":"lfg-blurb","children":"American actor."}]]}],["$","details","Q6391883",{"className":"lfg-row","data-testid":"figure-row","data-marker":"actor","children":[["$","summary",null,{"children":"Kent Rogers"}],["$","div",null,{"className":"lfg-blurb","children":"American actor (1923–1944)."}]]}]]}]]}]
2e:["$","div","musician",{"className":"ld-subgroup","data-testid":"figure-subgroup","children":[["$","div",null,{"className":"ld-subhead","children":["Musicians"," ",["$","span",null,{"className":"ld-subcount","children":5}]]}],["$","div",null,{"className":"lfg-list","children":[["$","details","Q14313",{"className":"lfg-row","data-testid":"figure-row","data-marker":"musician","children":[["$","summary",null,{"children":"Pharrell Williams"}],["$","div",null,{"className":"lfg-blurb","children":"American record producer and songwriter."}]]}],["$","details","Q179593",{"className":"lfg-row","data-testid":"figure-row","data-marker":"musician","children":[["$","summary",null,{"children":"Danja"}],["$","div",null,{"className":"lfg-blurb","children":"American record producer and songwriter from Virginia."}]]}],["$","details","Q16204498",{"className":"lfg-row","data-testid":"figure-row","data-marker":"musician","children":[["$","summary",null,{"children":"Jake Clemons"}],["$","div",null,{"className":"lfg-blurb","children":"American musician."}]]}],["$","details","Q4454539",{"className":"lfg-row","data-testid":"figure-row","data-marker":"musician","children":[["$","summary",null,{"children":"Matthew E. White"}],["$","div",null,{"className":"lfg-blurb","children":"American singer-songwriter and music producer."}]]}],["$","details","Q17305706",{"className":"lfg-row","data-testid":"figure-row","data-marker":"musician","children":[["$","summary",null,{"children":"Benjamin Booker"}],["$","div",null,{"className":"lfg-blurb","children":"American musician."}]]}]]}]]}]
2f:["$","div",null,{"className":"ld-subgroup","data-testid":"figure-subgroup","children":[["$","div",null,{"className":"ld-subhead","children":["Companies started here ",["$","span",null,{"className":"ld-subcount","children":4}]]}],["$","div",null,{"className":"lfg-items","children":[["$","span","Q3109712",{"className":"lfg-item","data-testid":"company-row","children":"Star Trak Entertainment"}],["$","span","Q22023369",{"className":"lfg-item","data-testid":"company-row","children":"Navy Exchange"}],["$","span","Q6541978",{"className":"lfg-item","data-testid":"company-row","children":"Liberty Tax Service"}],["$","span","Q7600530",{"className":"lfg-item","data-testid":"company-row","children":"StarChase"}]]}]]}]
30:["$","a",null,{"className":"site-link","href":"https://npgallery.nps.gov/AssetDetail/NRIS/100006519","target":"_blank","rel":"noopener noreferrer","children":["National Register listing ",["$","span",null,{"className":"ext","children":"↗"}]]}]
31:["$","li","100001645",{"children":["$","details",null,{"className":"site-entry","data-testid":"site-entry","children":[["$","summary",null,{"children":"Oceana Neighborhood Historic District"}],["$","div",null,{"className":"site-blurb","children":["Historic district in Virginia, United States.",["$","a",null,{"className":"site-link","href":"https://npgallery.nps.gov/AssetDetail/NRIS/100001645","target":"_blank","rel":"noopener noreferrer","children":["National Register listing ",["$","span",null,{"className":"ext","children":"↗"}]]}]]}]]}]}]
32:["$","li","66000910",{"children":["$","details",null,{"className":"site-entry","data-testid":"site-entry","children":[["$","summary",null,{"children":"Old Cape Henry Lighthouse"}],["$","div",null,{"className":"site-blurb","children":["Lighthouse in Virginia Beach, Virginia, United States.",["$","a",null,{"className":"site-link","href":"https://npgallery.nps.gov/AssetDetail/NRIS/66000910","target":"_blank","rel":"noopener noreferrer","children":["National Register listing ",["$","span",null,{"className":"ext","children":"↗"}]]}]]}]]}]}]
33:["$","li","70000887",{"children":["$","details",null,{"className":"site-entry","data-testid":"site-entry","children":[["$","summary",null,{"children":"Pembroke Manor"}],["$","div",null,{"className":"site-blurb","children":["Historic house in Virginia, United States.",["$","a",null,{"className":"site-link","href":"https://npgallery.nps.gov/AssetDetail/NRIS/70000887","target":"_blank","rel":"noopener noreferrer","children":["National Register listing ",["$","span",null,{"className":"ext","children":"↗"}]]}]]}]]}]}]
34:["$","div",null,{"className":"local-note","children":["and ",8," more listed on the National Register of Historic Places."]}]
14:[["$","meta","0",{"charSet":"utf-8"}],["$","meta","1",{"name":"viewport","content":"width=device-width, initial-scale=1"}],["$","meta","2",{"name":"theme-color","content":"#111922"}]]
10:null
35:I[622,[],"IconMark"]
12:{"metadata":[["$","title","0",{"children":"Virginia Beach — Pigeon Local"}],["$","meta","1",{"name":"description","content":"A minimalist, fact-only news app. Time, place, fact, primary-source link. No opinion. No gossip. FACT → CONTEXT → WEIGH-IT."}],["$","link","2",{"rel":"manifest","href":"/manifest.webmanifest","crossOrigin":"$undefined"}],["$","link","3",{"rel":"icon","href":"/icons/favicon-48.png","sizes":"48x48","type":"image/png"}],["$","link","4",{"rel":"icon","href":"/icons/favicon-32.png","sizes":"32x32","type":"image/png"}],["$","link","5",{"rel":"icon","href":"/icons/favicon-16.png","sizes":"16x16","type":"image/png"}],["$","link","6",{"rel":"apple-touch-icon","href":"/icons/apple-touch-icon.png","sizes":"180x180","type":"image/png"}],["$","$L35","7",{}]],"error":null,"digest":"$undefined"}
17:"$12:metadata"
